hour,day,is_weekend,city,road_type,road_type_enc,festival,weather_condition,rainfall,temperature,humidity,vehicle_count,average_speed_kmh,congestion_index,label,traffic_level
2,2,0,Ooty,highway,2,0,Rain,5.6,34.9,98,29,74.2,8.7,0,Low
3,0,0,Tuticorin,main,1,0,Rain,36.1,33.2,81,62,35.4,35.1,1,Medium
8,4,0,Thanjavur,main,1,0,Clear,0.0,33.7,55,178,25.3,59.3,1,Medium
7,3,0,Trichy,main,1,0,Clouds,0.0,31.4,47,40,44.5,13.3,0,Low
9,5,1,Coimbatore,secondary,0,0,Rain,15.8,23.4,77,130,12.1,78.5,2,Heavy
19,6,1,Salem,highway,2,0,Clear,0.0,29.6,68,223,46.9,49.6,2,Heavy
21,5,1,Salem,secondary,0,0,Clear,0.0,29.8,60,78,22.4,43.3,1,Medium
17,6,1,Thanjavur,highway,2,0,Clear,0.0,28.1,70,173,54.4,38.4,1,Medium
16,3,0,Tirunelveli,highway,2,1,Rain,11.0,25.0,79,288,21.1,88.4,2,Heavy
18,3,0,Thanjavur,main,1,0,Clear,0.0,23.7,53,172,26.1,57.3,1,Medium
16,6,1,Coimbatore,highway,2,1,Clear,0.0,31.0,69,384,13.3,100.0,3,Very Heavy
19,0,0,Salem,secondary,0,0,Clouds,0.0,25.7,62,131,13.8,72.8,2,Heavy
13,5,1,Erode,highway,2,0,Clouds,0.0,30.0,77,145,58.5,32.2,1,Medium
16,1,0,Ooty,secondary,0,0,Clouds,0.0,36.6,78,69,23.8,38.3,1,Medium
20,6,1,Chennai,highway,2,1,Clear,0.0,35.3,50,382,13.3,100.0,3,Very Heavy
7,3,0,Thanjavur,highway,2,0,Clouds,0.0,35.3,72,66,70.2,14.7,0,Low
10,5,1,Trichy,secondary,0,0,Clear,0.0,23.5,52,62,25.0,34.4,1,Medium
9,1,0,Tuticorin,secondary,0,0,Drizzle,2.0,35.1,77,104,17.9,58.6,1,Medium
9,5,1,Coimbatore,secondary,0,0,Clear,0.0,30.7,75,106,17.8,58.9,1,Medium
7,3,0,Trichy,highway,2,0,Clear,0.0,40.8,48,36,74.7,8.0,0,Low
17,6,1,Chennai,main,1,0,Clear,0.0,28.8,53,179,25.1,59.7,1,Medium
18,6,1,Coimbatore,main,1,1,Clouds,0.0,35.3,45,292,8.3,100.0,2,Heavy
13,1,0,Madurai,main,1,0,Drizzle,2.0,28.7,87,169,26.2,57.1,1,Medium
12,5,1,Vellore,main,1,0,Clear,0.0,26.6,63,135,31.2,45.0,1,Medium
18,0,0,Thanjavur,highway,2,0,Clear,0.0,35.6,78,239,44.6,53.1,2,Heavy
16,5,1,Madurai,highway,2,0,Clear,0.0,26.4,60,173,54.4,38.4,1,Medium
15,4,0,Erode,secondary,0,0,Clear,0.0,31.4,60,79,22.2,43.9,1,Medium
10,6,1,Salem,main,1,0,Clear,0.0,28.1,51,146,29.7,48.7,1,Medium
19,1,0,Madurai,main,1,0,Clear,0.0,40.9,64,264,13.3,88.0,2,Heavy
17,4,0,Thanjavur,highway,2,0,Clear,0.0,31.2,61,269,40.1,59.8,2,Heavy
9,1,0,Madurai,main,1,0,Clear,0.0,25.0,61,226,18.6,75.3,2,Heavy
12,2,0,Coimbatore,secondary,0,0,Drizzle,0.7,27.6,83,101,18.6,56.4,1,Medium
12,0,0,Thanjavur,secondary,0,0,Clear,0.0,34.3,54,75,22.8,41.7,1,Medium
12,0,0,Thanjavur,highway,2,0,Clouds,0.0,32.3,47,141,59.1,31.3,1,Medium
11,4,0,Ooty,highway,2,0,Clouds,0.0,35.8,60,137,59.7,30.4,1,Medium
8,2,0,Erode,highway,2,0,Clear,0.0,33.9,60,240,44.5,53.3,2,Heavy
19,1,0,Erode,highway,2,0,Clear,0.0,32.6,59,259,41.6,57.6,2,Heavy
19,6,1,Tirunelveli,main,1,0,Clear,0.0,30.3,79,112,34.5,37.3,1,Medium
22,2,0,Madurai,secondary,0,0,Clear,0.0,35.8,65,45,27.7,25.0,0,Low
8,0,0,Erode,secondary,0,1,Clear,0.0,30.5,79,194,8.0,100.0,2,Heavy
11,0,0,Ooty,highway,2,0,Clouds,0.0,25.4,52,145,58.5,32.2,1,Medium
10,5,1,Ooty,main,1,0,Clear,0.0,39.9,69,135,31.2,45.0,1,Medium
12,6,1,Tuticorin,main,1,0,Clear,0.0,30.4,65,101,36.0,33.7,1,Medium
18,6,1,Thanjavur,main,1,0,Rain,24.1,28.1,96,160,23.8,63.0,2,Heavy
17,1,0,Coimbatore,highway,2,1,Clear,0.0,33.7,75,649,13.3,100.0,3,Very Heavy
15,5,1,Erode,secondary,0,0,Rain,11.0,28.5,95,95,18.3,57.2,1,Medium
8,6,1,Coimbatore,main,1,0,Clear,0.0,29.4,52,206,21.4,68.7,2,Heavy
16,6,1,Thanjavur,secondary,0,0,Clouds,0.0,31.5,72,48,27.2,26.7,0,Low
9,1,0,Vellore,main,1,0,Clear,0.0,23.6,60,187,24.0,62.3,2,Heavy
10,4,0,Trichy,main,1,0,Clouds,0.0,26.6,54,249,15.4,83.0,2,Heavy
13,0,0,Tirunelveli,secondary,0,0,Clouds,0.0,33.7,46,62,25.0,34.4,1,Medium
21,2,0,Vellore,highway,2,0,Clouds,0.0,31.5,79,131,60.6,29.1,1,Medium
8,3,0,Trichy,main,1,0,Clouds,0.0,34.4,70,231,17.9,77.0,2,Heavy
2,3,0,Tuticorin,secondary,0,0,Rain,14.8,24.1,88,24,29.4,19.3,0,Low
9,2,0,Madurai,highway,2,0,Clear,0.0,35.5,69,332,30.8,73.8,2,Heavy
13,5,1,Salem,highway,2,0,Clouds,0.0,32.5,49,216,48.0,48.0,1,Medium
8,0,0,Chennai,highway,2,0,Clear,0.0,24.7,52,422,17.5,93.8,3,Very Heavy
8,4,0,Salem,main,1,0,Clear,0.0,23.2,64,242,16.4,80.7,2,Heavy
20,3,0,Tuticorin,secondary,0,0,Clear,0.0,33.7,60,126,14.6,70.0,2,Heavy
18,4,0,Tuticorin,highway,2,0,Clear,0.0,29.4,49,260,41.5,57.8,2,Heavy
12,2,0,Vellore,highway,2,0,Drizzle,0.2,28.9,80,167,55.2,37.2,1,Medium
18,4,0,Salem,secondary,0,0,Clear,0.0,28.5,62,118,15.9,65.6,2,Heavy
9,3,0,Salem,main,1,1,Clear,0.0,29.8,66,383,8.3,100.0,3,Very Heavy
11,2,0,Vellore,highway,2,0,Clear,0.0,35.7,62,138,59.5,30.7,1,Medium
17,3,0,Coimbatore,highway,2,0,Clear,0.0,26.2,76,396,21.3,88.0,3,Very Heavy
17,2,0,Trichy,main,1,0,Clear,0.0,29.0,67,244,16.1,81.3,2,Heavy
13,2,0,Tirunelveli,secondary,0,0,Rain,42.0,38.2,78,108,12.6,76.8,2,Heavy
8,3,0,Madurai,highway,2,0,Clouds,0.0,39.2,63,324,32.0,72.0,2,Heavy
8,0,0,Trichy,main,1,0,Rain,21.4,27.4,76,354,8.3,100.0,3,Very Heavy
19,3,0,Madurai,secondary,0,1,Clear,0.0,27.8,75,198,8.0,100.0,2,Heavy
7,0,0,Salem,main,1,1,Clear,0.0,34.1,48,60,33.3,40.0,1,Medium
7,6,1,Coimbatore,highway,2,0,Clear,0.0,35.1,78,61,70.9,13.6,0,Low
10,4,0,Tuticorin,main,1,1,Clouds,0.0,28.1,51,299,8.3,100.0,2,Heavy
6,1,0,Salem,secondary,0,1,Drizzle,2.9,32.9,89,41,22.2,43.9,1,Medium
9,5,1,Salem,highway,2,0,Drizzle,2.4,40.2,82,231,45.1,52.3,2,Heavy
17,1,0,Ooty,secondary,0,0,Clouds,0.0,26.7,62,93,19.9,51.7,1,Medium
18,4,0,Salem,secondary,0,0,Clouds,0.0,35.5,70,144,11.7,80.0,2,Heavy
16,3,0,Vellore,highway,2,0,Drizzle,2.4,30.7,82,162,55.3,37.0,1,Medium
23,5,1,Tuticorin,highway,2,1,Clear,0.0,34.9,75,182,39.7,60.4,2,Heavy
12,6,1,Madurai,secondary,0,0,Clear,0.0,34.6,65,76,22.7,42.2,1,Medium
14,5,1,Erode,secondary,0,0,Drizzle,4.4,29.1,77,58,25.1,34.0,1,Medium
19,6,1,Coimbatore,main,1,1,Clear,0.0,27.9,74,300,8.3,100.0,2,Heavy
16,6,1,Tuticorin,main,1,0,Rain,8.9,30.4,84,149,27.8,53.2,1,Medium
2,5,1,Vellore,highway,2,0,Rain,6.8,23.1,92,50,70.8,13.8,0,Low
23,0,0,Coimbatore,highway,2,0,Clear,0.0,28.7,63,189,52.0,42.0,1,Medium
13,1,0,Vellore,highway,2,0,Clouds,0.0,28.8,53,176,53.9,39.1,1,Medium
21,4,0,Erode,main,1,1,Clouds,0.0,34.9,76,147,21.3,69.0,2,Heavy
15,4,0,Tirunelveli,main,1,0,Clear,0.0,28.3,60,137,31.0,45.7,1,Medium
10,3,0,Erode,highway,2,0,Clear,0.0,23.3,54,266,40.6,59.1,2,Heavy
19,6,1,Tuticorin,main,1,0,Clear,0.0,32.5,54,105,35.4,35.0,1,Medium
18,2,0,Coimbatore,main,1,0,Clouds,0.0,39.5,66,301,8.3,100.0,2,Heavy
17,6,1,Tirunelveli,secondary,0,0,Clear,0.0,35.2,60,56,25.9,31.1,0,Low
22,6,1,Coimbatore,main,1,0,Drizzle,4.1,25.4,97,114,33.5,39.6,1,Medium
18,2,0,Chennai,main,1,0,Rain,11.4,36.2,88,372,8.3,100.0,3,Very Heavy
8,4,0,Madurai,highway,2,0,Clear,0.0,32.4,54,335,30.4,74.4,2,Heavy
0,6,1,Salem,secondary,0,0,Clouds,0.0,35.9,73,17,32.3,9.4,0,Low
17,3,0,Ooty,main,1,0,Clear,0.0,36.3,51,205,21.5,68.3,2,Heavy
10,6,1,Salem,secondary,0,0,Clouds,0.0,29.0,48,79,22.2,43.9,1,Medium
18,1,0,Trichy,secondary,0,0,Clear,0.0,30.2,53,154,10.0,85.6,2,Heavy
18,0,0,Chennai,main,1,0,Drizzle,1.8,25.6,84,303,8.3,100.0,2,Heavy
7,4,0,Madurai,highway,2,0,Clear,0.0,39.1,55,60,71.1,13.3,0,Low
19,6,1,Salem,secondary,0,0,Drizzle,4.1,34.6,82,107,17.2,61.1,2,Heavy
22,6,1,Ooty,main,1,0,Clear,0.0,30.5,61,107,35.1,35.7,1,Medium
15,6,1,Ooty,main,1,0,Rain,5.5,28.0,75,140,29.6,48.9,1,Medium
8,0,0,Tirunelveli,secondary,0,0,Clear,0.0,23.4,71,85,21.2,47.2,1,Medium
7,1,0,Salem,main,1,0,Clear,0.0,33.4,79,25,46.5,8.3,0,Low
7,3,0,Erode,secondary,0,1,Clear,0.0,26.0,62,31,24.1,37.2,1,Medium
19,0,0,Vellore,highway,2,0,Clear,0.0,25.2,67,241,44.3,53.6,2,Heavy
17,5,1,Vellore,highway,2,1,Clouds,0.0,24.9,48,242,30.8,73.8,2,Heavy
6,6,1,Tuticorin,highway,2,0,Clear,0.0,27.5,59,56,71.7,12.4,0,Low
19,1,0,Chennai,main,1,0,Clear,0.0,29.6,46,327,8.3,100.0,2,Heavy
10,1,0,Trichy,secondary,0,0,Clouds,0.0,35.2,52,162,8.8,90.0,2,Heavy
16,3,0,Tirunelveli,secondary,0,0,Rain,7.3,31.2,96,76,21.8,45.1,1,Medium
5,3,0,Ooty,highway,2,0,Clear,0.0,26.8,73,56,71.7,12.4,0,Low
7,4,0,Madurai,highway,2,0,Rain,18.5,27.2,94,78,63.5,24.7,0,Low
12,6,1,Thanjavur,secondary,0,0,Clouds,0.0,24.7,80,66,24.3,36.7,1,Medium
10,3,0,Trichy,main,1,0,Clear,0.0,29.7,65,232,17.8,77.3,2,Heavy
6,6,1,Ooty,main,1,0,Clouds,0.0,31.6,68,44,43.9,14.7,0,Low
10,0,0,Thanjavur,secondary,0,0,Clouds,0.0,33.2,72,101,18.6,56.1,1,Medium
11,4,0,Tuticorin,main,1,0,Clear,0.0,31.6,51,95,36.8,31.7,0,Low
9,3,0,Salem,secondary,0,0,Clear,0.0,35.3,80,157,9.6,87.2,2,Heavy
8,5,1,Salem,highway,2,0,Drizzle,2.7,36.2,79,206,48.7,46.9,1,Medium
17,0,0,Coimbatore,highway,2,0,Clear,0.0,29.7,74,424,17.2,94.2,3,Very Heavy
16,0,0,Tirunelveli,secondary,0,0,Rain,8.7,28.7,77,89,19.6,52.9,1,Medium
16,3,0,Erode,main,1,0,Rain,10.8,31.2,88,148,27.6,53.7,1,Medium
13,5,1,Ooty,secondary,0,0,Clear,0.0,33.3,48,51,26.7,28.3,0,Low
9,0,0,Madurai,main,1,1,Clear,0.0,31.3,56,386,8.3,100.0,3,Very Heavy
19,6,1,Thanjavur,secondary,0,0,Clear,0.0,40.1,72,62,25.0,34.4,1,Medium
15,5,1,Tuticorin,main,1,1,Drizzle,0.6,23.2,87,176,17.1,78.9,2,Heavy
13,5,1,Madurai,secondary,0,0,Rain,11.2,36.5,88,100,17.5,60.0,2,Heavy
19,5,1,Coimbatore,main,1,0,Drizzle,2.2,37.0,91,197,22.3,66.5,2,Heavy
20,2,0,Thanjavur,highway,2,0,Clear,0.0,31.6,54,246,43.5,54.7,2,Heavy
8,6,1,Madurai,secondary,0,0,Clear,0.0,27.5,76,98,19.1,54.4,1,Medium
20,4,0,Vellore,secondary,0,1,Clouds,0.0,28.0,65,156,8.0,100.0,2,Heavy
13,5,1,Vellore,highway,2,0,Drizzle,0.8,30.8,91,155,56.8,34.8,1,Medium
5,6,1,Vellore,highway,2,0,Clear,0.0,35.6,50,47,73.1,10.4,0,Low
21,5,1,Tuticorin,secondary,0,1,Clear,0.0,30.8,57,63,19.0,55.0,1,Medium
7,6,1,Chennai,main,1,0,Clear,0.0,34.8,47,53,42.6,17.7,0,Low
16,2,0,Thanjavur,secondary,0,0,Clouds,0.0,37.1,48,42,28.2,23.3,0,Low
15,3,0,Tirunelveli,highway,2,0,Clear,0.0,36.4,54,135,60.0,30.0,1,Medium
22,5,1,Tirunelveli,main,1,0,Clear,0.0,26.0,50,114,34.2,38.0,1,Medium
17,6,1,Tirunelveli,highway,2,0,Rain,35.7,26.4,96,216,38.5,62.3,2,Heavy
10,1,0,Chennai,main,1,0,Rain,40.4,31.7,79,401,8.3,100.0,3,Very Heavy
18,6,1,Coimbatore,secondary,0,1,Rain,19.8,24.0,94,225,8.0,100.0,2,Heavy
8,5,1,Madurai,highway,2,0,Clear,0.0,28.4,47,196,50.9,43.6,1,Medium
9,5,1,Vellore,secondary,0,0,Clouds,0.0,27.9,75,85,21.2,47.2,1,Medium
13,2,0,Tuticorin,main,1,0,Clouds,0.0,27.4,57,104,35.5,34.7,1,Medium
13,2,0,Chennai,secondary,0,0,Clear,0.0,33.6,52,90,20.4,50.0,1,Medium
8,3,0,Vellore,secondary,0,0,Clear,0.0,30.0,46,106,17.8,58.9,1,Medium
23,2,0,Trichy,main,1,0,Drizzle,4.4,32.5,97,138,30.1,47.8,1,Medium
3,6,1,Madurai,highway,2,0,Clear,0.0,26.1,75,35,74.8,7.8,0,Low
8,1,0,Chennai,main,1,0,Clear,0.0,27.2,63,292,9.5,97.3,2,Heavy
18,3,0,Erode,secondary,0,0,Clear,0.0,31.2,79,98,19.1,54.4,1,Medium
12,4,0,Madurai,main,1,0,Drizzle,1.2,30.9,96,142,30.1,47.8,1,Medium
15,6,1,Coimbatore,secondary,0,1,Clear,0.0,35.8,47,147,8.0,100.0,2,Heavy
18,2,0,Chennai,main,1,0,Rain,13.8,33.4,93,343,8.3,100.0,3,Very Heavy
11,2,0,Madurai,highway,2,0,Clear,0.0,29.5,75,172,54.5,38.2,1,Medium
9,0,0,Vellore,highway,2,0,Clouds,0.0,31.4,70,250,42.9,55.6,2,Heavy
8,2,0,Chennai,secondary,0,0,Clear,0.0,30.0,68,171,8.0,95.0,2,Heavy
22,3,0,Erode,main,1,0,Clouds,0.0,28.8,62,69,40.4,23.0,0,Low
23,1,0,Erode,secondary,0,0,Rain,7.0,29.0,96,59,24.6,35.6,1,Medium
12,5,1,Tuticorin,secondary,0,0,Clear,0.0,30.3,67,78,22.4,43.3,1,Medium
17,3,0,Chennai,highway,2,0,Clear,0.0,36.7,46,428,16.6,95.1,3,Very Heavy
7,1,0,Vellore,highway,2,0,Clear,0.0,28.4,47,41,73.9,9.1,0,Low
18,4,0,Tirunelveli,main,1,0,Clear,0.0,27.1,62,216,20.0,72.0,2,Heavy
14,4,0,Madurai,main,1,0,Clouds,0.0,28.9,58,150,29.2,50.0,1,Medium
7,0,0,Trichy,highway,2,0,Clouds,0.0,35.7,50,50,72.6,11.1,0,Low
17,4,0,Ooty,main,1,0,Clouds,0.0,31.1,56,176,25.5,58.7,1,Medium
9,3,0,Trichy,highway,2,0,Clear,0.0,34.8,80,310,34.1,68.9,2,Heavy
23,5,1,Salem,main,1,0,Clear,0.0,29.2,49,92,37.2,30.7,0,Low
17,2,0,Vellore,main,1,0,Clouds,0.0,27.3,56,201,22.1,67.0,2,Heavy
14,2,0,Chennai,highway,2,0,Clouds,0.0,31.2,67,228,46.2,50.7,2,Heavy
8,4,0,Coimbatore,main,1,0,Clear,0.0,31.9,50,314,8.3,100.0,2,Heavy
16,5,1,Madurai,highway,2,0,Clear,0.0,30.6,46,217,47.9,48.2,1,Medium
16,6,1,Tuticorin,main,1,1,Clear,0.0,28.0,46,174,17.5,78.0,2,Heavy
13,6,1,Ooty,main,1,0,Drizzle,1.6,24.3,76,114,33.9,38.6,1,Medium
8,4,0,Vellore,main,1,0,Clouds,0.0,27.3,67,192,23.3,64.0,2,Heavy
7,1,0,Thanjavur,secondary,0,0,Clear,0.0,35.5,51,32,29.8,17.8,0,Low
22,1,0,Erode,highway,2,0,Rain,8.2,35.5,80,143,56.6,35.1,1,Medium
19,3,0,Vellore,main,1,0,Clear,0.0,29.5,60,172,26.1,57.3,1,Medium
16,6,1,Salem,main,1,1,Clear,0.0,23.9,79,214,12.0,91.3,2,Heavy
11,3,0,Salem,secondary,0,0,Clear,0.0,33.2,57,79,22.2,43.9,1,Medium
18,2,0,Thanjavur,main,1,1,Clouds,0.0,26.2,53,336,8.3,100.0,2,Heavy
21,6,1,Tirunelveli,secondary,0,0,Clear,0.0,27.4,47,45,27.7,25.0,0,Low
13,4,0,Vellore,secondary,0,0,Clear,0.0,32.2,55,57,25.8,31.7,0,Low
14,4,0,Tuticorin,main,1,0,Clear,0.0,32.7,46,114,34.2,38.0,1,Medium
18,5,1,Tuticorin,main,1,1,Clouds,0.0,27.7,59,179,16.8,79.7,2,Heavy
17,6,1,Thanjavur,secondary,0,0,Clear,0.0,30.4,52,68,24.0,37.8,1,Medium
17,3,0,Madurai,main,1,0,Clouds,0.0,31.2,48,258,14.2,86.0,2,Heavy
13,3,0,Tirunelveli,secondary,0,0,Clear,0.0,38.5,79,84,21.4,46.7,1,Medium
18,2,0,Ooty,secondary,0,1,Drizzle,0.4,25.2,82,166,8.0,100.0,2,Heavy
18,5,1,Trichy,main,1,0,Clear,0.0,35.3,67,176,25.5,58.7,1,Medium
7,5,1,Salem,main,1,0,Clouds,0.0,34.0,67,34,45.3,11.3,0,Low
21,0,0,Chennai,main,1,0,Clear,0.0,35.9,58,148,29.5,49.3,1,Medium
7,5,1,Salem,highway,2,0,Clear,0.0,24.9,78,36,74.7,8.0,0,Low
17,0,0,Erode,main,1,0,Clear,0.0,30.5,55,199,22.4,66.3,2,Heavy
8,2,0,Vellore,secondary,0,0,Clear,0.0,32.6,50,130,13.9,72.2,2,Heavy
12,6,1,Chennai,highway,2,0,Clear,0.0,33.5,76,228,46.2,50.7,2,Heavy
10,4,0,Chennai,highway,2,0,Clear,0.0,34.9,79,386,22.8,85.8,3,Very Heavy
9,6,1,Thanjavur,main,1,0,Clouds,0.0,26.1,61,117,33.8,39.0,1,Medium
17,1,0,Salem,secondary,0,0,Clear,0.0,26.9,72,155,9.9,86.1,2,Heavy
22,3,0,Coimbatore,highway,2,1,Clouds,0.0,40.5,73,289,23.9,84.2,2,Heavy
15,2,0,Tuticorin,secondary,0,0,Rain,28.8,26.7,78,70,20.3,50.4,1,Medium
14,5,1,Erode,secondary,0,0,Clear,0.0,32.4,63,46,27.5,25.6,0,Low
13,4,0,Vellore,highway,2,0,Clouds,0.0,39.1,79,174,54.2,38.7,1,Medium
18,6,1,Trichy,secondary,0,0,Clouds,0.0,27.1,49,96,19.5,53.3,1,Medium
15,1,0,Thanjavur,highway,2,0,Clouds,0.0,30.9,58,158,56.6,35.1,1,Medium
13,4,0,Vellore,highway,2,0,Clouds,0.0,30.0,64,126,61.3,28.0,1,Medium
6,3,0,Trichy,secondary,0,1,Clouds,0.0,35.2,49,29,24.5,36.1,1,Medium
18,6,1,Erode,highway,2,0,Drizzle,3.6,26.6,87,161,55.2,37.2,1,Medium
17,5,1,Erode,highway,2,0,Clouds,0.0,29.9,56,145,58.5,32.2,1,Medium
18,2,0,Trichy,highway,2,0,Clouds,0.0,28.5,69,328,31.4,72.9,2,Heavy
8,5,1,Madurai,main,1,0,Clear,0.0,26.7,46,168,26.7,56.0,1,Medium
16,5,1,Chennai,main,1,0,Clear,0.0,33.5,59,200,22.2,66.7,2,Heavy
14,2,0,Chennai,highway,2,0,Clear,0.0,34.8,65,252,42.7,56.0,2,Heavy
12,2,0,Thanjavur,highway,2,0,Clear,0.0,30.3,56,157,56.7,34.9,1,Medium
21,5,1,Chennai,main,1,0,Clear,0.0,29.8,71,161,27.6,53.7,1,Medium
9,1,0,Thanjavur,main,1,0,Clear,0.0,40.6,48,204,21.7,68.0,2,Heavy
11,2,0,Thanjavur,highway,2,0,Clear,0.0,33.2,68,138,59.5,30.7,1,Medium
11,4,0,Chennai,main,1,0,Rain,13.0,28.8,93,212,18.4,75.9,2,Heavy
8,2,0,Trichy,main,1,0,Drizzle,4.5,31.3,98,271,11.6,92.1,2,Heavy
17,5,1,Vellore,highway,2,0,Clear,0.0,31.3,63,159,56.5,35.3,1,Medium
11,3,0,Salem,main,1,0,Clouds,0.0,29.7,65,145,29.9,48.3,1,Medium
19,5,1,Chennai,secondary,0,0,Clear,0.0,28.0,71,94,19.8,52.2,1,Medium
19,3,0,Erode,secondary,0,0,Clouds,0.0,32.4,76,114,16.5,63.3,2,Heavy
17,2,0,Vellore,highway,2,0,Clouds,0.0,35.6,79,267,40.5,59.3,2,Heavy
21,5,1,Chennai,highway,2,1,Rain,8.8,28.3,95,360,13.3,100.0,3,Very Heavy
8,3,0,Madurai,highway,2,0,Clear,0.0,30.2,75,340,29.6,75.6,2,Heavy
0,4,0,Thanjavur,main,1,0,Rain,9.5,29.5,91,55,40.8,22.1,0,Low
7,0,0,Erode,highway,2,0,Clouds,0.0,28.7,61,43,73.6,9.6,0,Low
21,3,0,Coimbatore,main,1,0,Drizzle,2.5,29.6,96,118,33.2,40.3,1,Medium
18,0,0,Ooty,secondary,0,0,Clouds,0.0,26.8,45,110,17.2,61.1,2,Heavy
15,6,1,Ooty,main,1,0,Clear,0.0,35.2,75,131,31.8,43.7,1,Medium
15,0,0,Salem,secondary,0,0,Clouds,0.0,33.1,54,80,22.1,44.4,1,Medium
8,1,0,Coimbatore,main,1,0,Clear,0.0,29.0,79,285,10.4,95.0,2,Heavy
18,2,0,Coimbatore,secondary,0,0,Clear,0.0,32.1,66,181,8.0,100.0,2,Heavy
2,2,0,Erode,main,1,0,Clear,0.0,32.8,69,49,43.2,16.3,0,Low
18,2,0,Erode,highway,2,1,Clouds,0.0,32.3,69,436,13.3,100.0,3,Very Heavy
11,0,0,Erode,main,1,0,Clear,0.0,27.9,51,116,33.9,38.7,1,Medium
14,0,0,Thanjavur,secondary,0,0,Rain,41.9,33.8,94,84,16.5,63.4,2,Heavy
12,6,1,Chennai,main,1,0,Clear,0.0,27.7,60,175,25.7,58.3,1,Medium
9,2,0,Madurai,highway,2,1,Clear,0.0,33.8,71,527,13.3,100.0,3,Very Heavy
17,3,0,Salem,highway,2,1,Rain,17.9,24.1,78,690,13.3,100.0,3,Very Heavy
19,3,0,Erode,main,1,0,Clear,0.0,36.6,53,213,20.4,71.0,2,Heavy
10,3,0,Trichy,main,1,0,Clear,0.0,33.1,60,273,12.1,91.0,2,Heavy
7,4,0,Erode,main,1,0,Clear,0.0,33.3,80,52,42.8,17.3,0,Low
18,6,1,Trichy,main,1,0,Clear,0.0,24.1,71,149,29.3,49.7,1,Medium
16,5,1,Trichy,main,1,0,Clear,0.0,31.3,75,163,27.4,54.3,1,Medium
3,2,0,Erode,secondary,0,0,Clear,0.0,25.0,50,35,29.3,19.4,0,Low
16,0,0,Tirunelveli,highway,2,1,Clouds,0.0,25.7,70,266,27.3,79.1,2,Heavy
0,2,0,Erode,highway,2,0,Clear,0.0,29.9,59,67,70.1,14.9,0,Low
17,1,0,Ooty,secondary,0,0,Clear,0.0,40.3,50,92,20.1,51.1,1,Medium
10,6,1,Tirunelveli,main,1,0,Clouds,0.0,30.5,73,100,36.1,33.3,1,Medium
18,0,0,Salem,highway,2,0,Rain,33.7,35.3,80,469,13.3,100.0,3,Very Heavy
8,1,0,Trichy,secondary,0,0,Clear,0.0,32.1,70,155,9.9,86.1,2,Heavy
2,4,0,Erode,main,1,0,Clear,0.0,33.5,58,57,42.1,19.0,0,Low
7,6,1,Coimbatore,secondary,0,0,Clear,0.0,34.6,52,36,29.2,20.0,0,Low
16,4,0,Ooty,main,1,0,Clear,0.0,34.1,74,133,31.5,44.3,1,Medium
16,5,1,Salem,secondary,0,0,Clear,0.0,27.4,56,79,22.2,43.9,1,Medium
7,3,0,Erode,secondary,0,0,Clear,0.0,30.9,56,15,32.6,8.3,0,Low
19,4,0,Madurai,main,1,0,Rain,27.0,28.0,79,334,8.3,100.0,2,Heavy
16,3,0,Thanjavur,secondary,0,1,Rain,10.9,26.9,89,95,12.5,77.1,2,Heavy
18,1,0,Tuticorin,highway,2,0,Clouds,0.0,36.2,55,283,38.1,62.9,2,Heavy
14,4,0,Vellore,secondary,0,0,Clear,0.0,33.6,68,86,21.1,47.8,1,Medium
8,3,0,Vellore,secondary,0,0,Clouds,0.0,26.3,64,99,19.0,55.0,1,Medium
12,0,0,Tirunelveli,highway,2,0,Clouds,0.0,32.1,67,153,57.3,34.0,1,Medium
7,1,0,Madurai,secondary,0,1,Clear,0.0,27.7,62,56,20.1,51.1,1,Medium
15,6,1,Salem,main,1,0,Rain,30.6,35.2,88,187,18.9,74.6,2,Heavy
17,1,0,Ooty,highway,2,0,Clear,0.0,31.8,70,251,42.8,55.8,2,Heavy
11,0,0,Ooty,main,1,0,Drizzle,1.1,29.0,91,132,31.5,44.4,1,Medium
21,2,0,Tirunelveli,main,1,0,Clouds,0.0,26.7,50,106,35.3,35.3,1,Medium
18,3,0,Tirunelveli,highway,2,0,Clouds,0.0,29.4,65,270,40.0,60.0,2,Heavy
19,6,1,Madurai,secondary,0,0,Drizzle,2.6,38.6,95,90,20.1,51.0,1,Medium
20,1,0,Chennai,highway,2,1,Clouds,0.0,35.1,57,661,13.3,100.0,3,Very Heavy
19,2,0,Salem,highway,2,0,Drizzle,0.6,35.0,96,316,33.0,70.5,2,Heavy
16,5,1,Chennai,main,1,0,Clear,0.0,26.8,51,159,27.9,53.0,1,Medium
14,3,0,Tuticorin,highway,2,0,Clear,0.0,30.8,72,140,59.3,31.1,1,Medium
17,0,0,Erode,highway,2,0,Clouds,0.0,33.5,69,242,44.1,53.8,2,Heavy
7,4,0,Ooty,secondary,0,0,Drizzle,4.7,28.8,86,33,29.1,20.2,0,Low
16,3,0,Madurai,main,1,0,Rain,5.9,31.9,78,165,26.1,57.4,1,Medium
10,1,0,Tirunelveli,main,1,0,Clouds,0.0,32.9,63,211,20.7,70.3,2,Heavy
14,4,0,Salem,highway,2,0,Clear,0.0,27.1,60,199,50.5,44.2,1,Medium
6,0,0,Ooty,secondary,0,0,Clear,0.0,37.5,71,41,28.4,22.8,0,Low
1,0,0,Vellore,highway,2,0,Clear,0.0,32.3,70,50,72.6,11.1,0,Low
17,0,0,Erode,main,1,0,Drizzle,3.8,25.5,77,201,21.5,68.5,2,Heavy
15,3,0,Trichy,highway,2,1,Clear,0.0,26.5,49,299,22.4,86.4,2,Heavy
6,3,0,Chennai,highway,2,0,Rain,21.2,33.4,96,112,57.7,33.4,1,Medium
0,1,0,Madurai,highway,2,0,Clear,0.0,29.6,78,46,73.2,10.2,0,Low
7,6,1,Madurai,main,1,0,Clear,0.0,34.7,46,49,43.2,16.3,0,Low
17,4,0,Coimbatore,main,1,0,Clear,0.0,27.5,48,300,8.3,100.0,2,Heavy
18,4,0,Madurai,main,1,0,Clear,0.0,29.9,45,238,17.0,79.3,2,Heavy
11,1,0,Chennai,main,1,1,Clear,0.0,28.5,71,303,8.3,100.0,2,Heavy
19,4,0,Tirunelveli,main,1,0,Clear,0.0,35.7,56,171,26.2,57.0,1,Medium
19,6,1,Erode,highway,2,0,Clear,0.0,34.1,80,155,57.1,34.4,1,Medium
17,1,0,Tuticorin,main,1,0,Clouds,0.0,31.5,57,219,19.6,73.0,2,Heavy
0,3,0,Trichy,highway,2,0,Clouds,0.0,26.0,45,72,69.3,16.0,0,Low
17,0,0,Erode,secondary,0,0,Clouds,0.0,27.4,48,100,18.8,55.6,1,Medium
20,6,1,Coimbatore,highway,2,0,Clear,0.0,31.1,50,266,40.6,59.1,2,Heavy
16,0,0,Erode,highway,2,0,Clouds,0.0,35.3,61,151,57.6,33.6,1,Medium
13,1,0,Tirunelveli,main,1,0,Clear,0.0,27.6,51,117,33.8,39.0,1,Medium
7,2,0,Tirunelveli,main,1,0,Clear,0.0,34.1,52,26,46.4,8.7,0,Low
8,6,1,Tuticorin,highway,2,0,Rain,5.3,34.4,86,164,54.3,38.6,1,Medium
9,1,0,Ooty,main,1,0,Clear,0.0,30.6,80,219,19.6,73.0,2,Heavy
0,6,1,Madurai,highway,2,0,Clear,0.0,28.6,50,34,74.9,7.6,0,Low
8,5,1,Chennai,highway,2,0,Clear,0.0,35.4,66,229,46.1,50.9,2,Heavy
12,5,1,Madurai,secondary,0,1,Clear,0.0,35.1,56,120,9.7,86.7,2,Heavy
19,0,0,Salem,main,1,1,Clear,0.0,30.1,63,402,8.3,100.0,3,Very Heavy
9,1,0,Chennai,highway,2,0,Clear,0.0,34.0,60,428,16.6,95.1,3,Very Heavy
18,2,0,Chennai,main,1,0,Clear,0.0,28.7,77,278,11.4,92.7,2,Heavy
8,6,1,Tirunelveli,secondary,0,0,Clouds,0.0,41.0,67,52,26.6,28.9,0,Low
16,2,0,Coimbatore,highway,2,0,Clear,0.0,35.8,59,234,45.3,52.0,2,Heavy
8,4,0,Tirunelveli,highway,2,0,Clouds,0.0,33.9,46,270,40.0,60.0,2,Heavy
15,1,0,Tuticorin,highway,2,0,Clear,0.0,32.0,50,127,61.2,28.2,1,Medium
0,4,0,Thanjavur,main,1,0,Clear,0.0,27.5,65,52,42.8,17.3,0,Low
19,6,1,Madurai,highway,2,0,Clear,0.0,33.7,70,201,50.2,44.7,1,Medium
17,3,0,Madurai,highway,2,1,Clouds,0.0,27.5,56,543,13.3,100.0,3,Very Heavy
17,6,1,Tirunelveli,highway,2,0,Clear,0.0,26.0,53,181,53.2,40.2,1,Medium
19,6,1,Tuticorin,main,1,0,Drizzle,4.0,24.8,94,132,31.0,45.6,1,Medium
7,5,1,Coimbatore,main,1,0,Clouds,0.0,32.7,50,71,40.1,23.7,0,Low
0,1,0,Tirunelveli,main,1,1,Clouds,0.0,26.5,51,54,34.2,38.0,1,Medium
20,3,0,Erode,highway,2,0,Rain,9.4,33.9,90,309,31.7,72.4,2,Heavy
9,3,0,Ooty,secondary,0,0,Clear,0.0,27.0,65,104,18.1,57.8,1,Medium
8,0,0,Madurai,main,1,0,Clouds,0.0,30.3,75,264,13.3,88.0,2,Heavy
20,1,0,Madurai,secondary,0,0,Clear,0.0,33.2,71,159,9.2,88.3,2,Heavy
17,2,0,Thanjavur,main,1,1,Clear,0.0,29.6,76,313,8.3,100.0,2,Heavy
19,5,1,Coimbatore,main,1,1,Drizzle,1.8,24.7,75,317,8.3,100.0,2,Heavy
13,0,0,Salem,highway,2,0,Clear,0.0,36.0,61,179,53.5,39.8,1,Medium
11,3,0,Tirunelveli,main,1,0,Clear,0.0,27.5,62,132,31.7,44.0,1,Medium
6,2,0,Ooty,highway,2,0,Clear,0.0,29.9,80,51,72.5,11.3,0,Low
17,3,0,Erode,secondary,0,0,Rain,19.4,23.3,97,156,8.0,94.4,2,Heavy
17,4,0,Thanjavur,secondary,0,0,Clouds,0.0,34.1,55,91,20.2,50.6,1,Medium
6,5,1,Chennai,main,1,0,Clear,0.0,33.3,61,29,46.0,9.7,0,Low
15,4,0,Coimbatore,main,1,0,Clouds,0.0,36.9,45,184,24.5,61.3,2,Heavy
12,1,0,Erode,highway,2,0,Clouds,0.0,27.5,51,132,60.5,29.3,1,Medium
19,3,0,Salem,secondary,0,0,Clear,0.0,33.0,75,122,15.2,67.8,2,Heavy
17,3,0,Tuticorin,secondary,0,0,Clear,0.0,30.8,60,100,18.8,55.6,1,Medium
10,6,1,Tirunelveli,highway,2,0,Clouds,0.0,32.5,51,156,56.9,34.7,1,Medium
9,3,0,Vellore,main,1,1,Drizzle,0.9,24.7,89,312,8.3,100.0,2,Heavy
19,6,1,Vellore,secondary,0,0,Rain,52.0,31.1,97,74,16.9,61.9,2,Heavy
2,1,0,Thanjavur,secondary,0,1,Rain,17.8,35.2,76,58,17.7,59.3,1,Medium
11,3,0,Trichy,main,1,0,Drizzle,2.7,28.4,75,150,28.7,51.1,1,Medium
8,6,1,Tuticorin,main,1,0,Clouds,0.0,32.9,61,114,34.2,38.0,1,Medium
5,6,1,Chennai,main,1,0,Clear,0.0,25.2,59,51,42.9,17.0,0,Low
19,6,1,Thanjavur,highway,2,0,Drizzle,0.1,27.8,80,137,59.7,30.5,1,Medium
16,2,0,Trichy,main,1,0,Rain,20.3,29.8,87,199,19.0,74.5,2,Heavy
13,5,1,Salem,highway,2,0,Clear,0.0,32.6,45,191,51.7,42.4,1,Medium
16,2,0,Thanjavur,secondary,0,0,Rain,14.7,37.0,83,64,22.9,41.4,1,Medium
17,5,1,Salem,secondary,0,0,Clouds,0.0,38.8,48,99,19.0,55.0,1,Medium
10,1,0,Erode,secondary,0,0,Clouds,0.0,26.2,61,130,13.9,72.2,2,Heavy
17,4,0,Chennai,secondary,0,0,Clear,0.0,30.8,79,185,8.0,100.0,2,Heavy
10,1,0,Tirunelveli,secondary,0,0,Rain,15.7,28.9,79,166,8.0,98.5,2,Heavy
21,2,0,Thanjavur,highway,2,0,Rain,17.7,26.4,84,156,52.2,41.7,1,Medium
15,3,0,Tirunelveli,main,1,1,Clear,0.0,27.9,49,163,19.0,74.3,2,Heavy
14,3,0,Ooty,main,1,0,Drizzle,0.9,29.4,81,124,32.6,41.7,1,Medium
10,5,1,Vellore,highway,2,0,Clear,0.0,26.6,56,165,55.5,36.7,1,Medium
18,1,0,Salem,highway,2,0,Clear,0.0,26.5,50,333,30.7,74.0,2,Heavy
22,3,0,Erode,main,1,0,Clouds,0.0,33.6,45,97,36.5,32.3,1,Medium
17,5,1,Trichy,highway,2,0,Clear,0.0,26.1,64,218,47.7,48.4,1,Medium
6,0,0,Salem,highway,2,0,Clear,0.0,39.8,78,38,74.4,8.4,0,Low
11,1,0,Tirunelveli,main,1,0,Clear,0.0,26.2,53,120,33.3,40.0,1,Medium
11,5,1,Madurai,highway,2,0,Clear,0.0,31.9,79,171,54.7,38.0,1,Medium
16,0,0,Ooty,highway,2,0,Clear,0.0,30.7,52,135,60.0,30.0,1,Medium
17,0,0,Trichy,secondary,0,0,Clear,0.0,37.7,62,139,12.5,77.2,2,Heavy
17,0,0,Coimbatore,secondary,0,0,Clouds,0.0,39.1,57,155,9.9,86.1,2,Heavy
12,1,0,Tirunelveli,secondary,0,0,Clear,0.0,26.0,75,80,22.1,44.4,1,Medium
19,5,1,Coimbatore,highway,2,0,Clouds,0.0,27.0,49,242,44.1,53.8,2,Heavy
13,2,0,Ooty,highway,2,1,Clouds,0.0,34.0,47,259,28.3,77.6,2,Heavy
17,0,0,Tirunelveli,main,1,0,Clear,0.0,34.9,55,208,21.1,69.3,2,Heavy
6,6,1,Salem,secondary,0,0,Clear,0.0,34.2,74,28,30.4,15.6,0,Low
20,1,0,Erode,secondary,0,0,Rain,5.3,27.0,80,136,12.3,77.7,2,Heavy
17,1,0,Vellore,secondary,0,0,Clear,0.0,26.9,53,109,17.3,60.6,2,Heavy
6,5,1,Vellore,highway,2,0,Clouds,0.0,37.4,59,39,74.2,8.7,0,Low
17,4,0,Thanjavur,secondary,0,0,Clear,0.0,32.4,67,92,20.1,51.1,1,Medium
5,5,1,Thanjavur,secondary,0,0,Clear,0.0,30.9,55,15,32.6,8.3,0,Low
5,1,0,Tirunelveli,main,1,0,Clear,0.0,34.0,50,35,45.1,11.7,0,Low
13,0,0,Coimbatore,main,1,0,Drizzle,1.5,26.4,88,186,23.9,62.6,2,Heavy
18,4,0,Chennai,highway,2,0,Clouds,0.0,25.9,74,381,23.5,84.7,3,Very Heavy
10,6,1,Trichy,main,1,1,Clouds,0.0,23.9,68,271,8.3,100.0,2,Heavy
0,2,0,Ooty,highway,2,0,Clear,0.0,24.3,51,26,76.1,5.8,0,Low
9,1,0,Erode,highway,2,0,Clouds,0.0,27.9,74,255,42.2,56.7,2,Heavy
4,5,1,Coimbatore,main,1,0,Clear,0.0,30.6,74,33,45.4,11.0,0,Low
14,0,0,Vellore,highway,2,0,Clouds,0.0,35.1,77,170,54.8,37.8,1,Medium
17,1,0,Tuticorin,highway,2,0,Clear,0.0,29.8,65,272,39.7,60.4,2,Heavy
12,2,0,Trichy,main,1,0,Rain,23.9,37.7,94,217,15.9,81.9,2,Heavy
19,4,0,Thanjavur,main,1,0,Clear,0.0,36.9,58,187,24.0,62.3,2,Heavy
20,1,0,Ooty,main,1,0,Rain,11.7,28.6,92,218,17.8,77.3,2,Heavy
15,4,0,Coimbatore,main,1,1,Clear,0.0,29.8,79,257,8.3,100.0,2,Heavy
2,1,0,Thanjavur,highway,2,1,Drizzle,4.8,33.5,83,54,57.4,33.9,1,Medium
9,6,1,Salem,secondary,0,0,Clear,0.0,34.1,79,67,24.1,37.2,1,Medium
17,6,1,Tuticorin,secondary,0,0,Clouds,0.0,34.0,77,60,25.3,33.3,1,Medium
20,3,0,Ooty,highway,2,0,Clear,0.0,33.4,80,246,43.5,54.7,2,Heavy
19,5,1,Tuticorin,main,1,0,Clouds,0.0,24.6,79,142,30.3,47.3,1,Medium
13,5,1,Trichy,main,1,0,Clear,0.0,30.3,52,154,28.6,51.3,1,Medium
8,6,1,Salem,highway,2,0,Clear,0.0,40.2,54,219,47.5,48.7,1,Medium
16,5,1,Chennai,secondary,0,0,Clouds,0.0,33.5,49,87,20.9,48.3,1,Medium
6,4,0,Madurai,secondary,0,0,Clear,0.0,28.1,67,19,31.9,10.6,0,Low
9,6,1,Tirunelveli,main,1,0,Clear,0.0,25.8,45,111,34.6,37.0,1,Medium
20,1,0,Ooty,secondary,0,1,Clouds,0.0,35.4,69,171,8.0,100.0,2,Heavy
17,0,0,Salem,secondary,0,0,Clear,0.0,26.4,77,154,10.0,85.6,2,Heavy
14,0,0,Trichy,main,1,0,Drizzle,0.8,28.1,77,159,27.8,53.3,1,Medium
12,0,0,Trichy,secondary,0,0,Clear,0.0,35.4,72,102,18.5,56.7,1,Medium
2,5,1,Ooty,highway,2,0,Drizzle,4.5,36.1,83,54,70.8,13.8,0,Low
12,3,0,Trichy,main,1,0,Drizzle,4.7,23.9,96,119,32.7,41.5,1,Medium
16,6,1,Ooty,secondary,0,1,Clouds,0.0,23.8,67,125,8.9,89.4,2,Heavy
16,2,0,Ooty,main,1,0,Clear,0.0,28.2,75,135,31.2,45.0,1,Medium
10,5,1,Erode,secondary,0,0,Clouds,0.0,26.1,68,77,22.5,42.8,1,Medium
4,4,0,Madurai,highway,2,0,Clear,0.0,28.9,64,76,68.7,16.9,0,Low
12,5,1,Tirunelveli,highway,2,0,Clear,0.0,27.8,61,162,56.0,36.0,1,Medium
13,4,0,Chennai,secondary,0,0,Clouds,0.0,30.9,57,94,19.8,52.2,1,Medium
17,1,0,Tirunelveli,highway,2,0,Clear,0.0,29.3,65,276,39.1,61.3,2,Heavy
15,4,0,Salem,secondary,0,0,Clear,0.0,25.0,55,69,23.8,38.3,1,Medium
9,2,0,Ooty,main,1,0,Clear,0.0,33.7,74,200,22.2,66.7,2,Heavy
8,4,0,Thanjavur,highway,2,0,Clear,0.0,33.3,79,274,39.4,60.9,2,Heavy
6,0,0,Coimbatore,secondary,0,1,Clouds,0.0,28.1,70,21,25.8,31.7,0,Low
15,4,0,Thanjavur,main,1,0,Clouds,0.0,31.9,59,106,35.3,35.3,1,Medium
14,0,0,Madurai,main,1,0,Clouds,0.0,27.4,55,129,32.1,43.0,1,Medium
21,5,1,Madurai,secondary,0,0,Clear,0.0,30.9,47,42,28.2,23.3,0,Low
9,5,1,Salem,main,1,0,Clouds,0.0,34.8,75,132,31.7,44.0,1,Medium
7,4,0,Ooty,main,1,0,Clear,0.0,26.0,79,31,45.7,10.3,0,Low
16,6,1,Tirunelveli,secondary,0,0,Clear,0.0,29.5,59,60,25.3,33.3,1,Medium
20,0,0,Vellore,main,1,0,Clear,0.0,28.1,77,180,25.0,60.0,2,Heavy
16,6,1,Madurai,main,1,0,Clear,0.0,30.8,52,132,31.7,44.0,1,Medium
16,3,0,Tuticorin,highway,2,1,Clear,0.0,31.1,55,252,29.3,76.0,2,Heavy
8,1,0,Madurai,highway,2,0,Clouds,0.0,33.3,46,324,32.0,72.0,2,Heavy
13,3,0,Coimbatore,highway,2,0,Clouds,0.0,34.2,54,221,47.3,49.1,2,Heavy
14,1,0,Tuticorin,secondary,0,0,Clear,0.0,26.1,49,44,27.9,24.4,0,Low
14,4,0,Chennai,highway,2,1,Clear,0.0,30.2,51,389,13.3,100.0,3,Very Heavy
14,0,0,Chennai,secondary,0,0,Clouds,0.0,35.0,79,122,15.2,67.8,2,Heavy
12,3,0,Ooty,secondary,0,1,Clouds,0.0,35.3,59,124,9.1,88.9,2,Heavy
15,5,1,Erode,main,1,0,Rain,15.7,29.1,90,133,28.9,50.6,1,Medium
19,3,0,Salem,secondary,0,1,Clear,0.0,31.3,45,195,8.0,100.0,2,Heavy
8,6,1,Erode,secondary,0,0,Rain,12.2,36.4,95,68,22.5,42.7,1,Medium
15,4,0,Thanjavur,main,1,0,Rain,26.2,38.6,92,158,23.7,63.1,2,Heavy
15,3,0,Madurai,main,1,0,Clouds,0.0,39.4,70,161,27.6,53.7,1,Medium
9,6,1,Coimbatore,secondary,0,0,Clouds,0.0,27.9,66,123,15.1,68.3,2,Heavy
11,5,1,Chennai,highway,2,0,Rain,7.7,30.4,94,249,41.1,58.4,2,Heavy
11,4,0,Salem,highway,2,0,Clear,0.0,35.6,78,171,54.7,38.0,1,Medium
14,0,0,Madurai,secondary,0,0,Clear,0.0,33.8,63,87,20.9,48.3,1,Medium
9,1,0,Thanjavur,secondary,0,0,Clear,0.0,25.2,55,108,17.5,60.0,2,Heavy
11,4,0,Tirunelveli,secondary,0,1,Clear,0.0,33.3,50,110,11.3,81.1,2,Heavy
10,6,1,Tuticorin,main,1,0,Drizzle,1.5,36.3,87,112,34.2,37.9,1,Medium
14,4,0,Madurai,main,1,0,Clouds,0.0,34.8,77,169,26.5,56.3,1,Medium
17,3,0,Tuticorin,main,1,1,Clouds,0.0,26.7,66,315,8.3,100.0,2,Heavy
13,2,0,Tuticorin,highway,2,0,Clouds,0.0,30.1,59,148,58.1,32.9,1,Medium
0,6,1,Thanjavur,secondary,0,0,Clear,0.0,40.2,66,23,31.3,12.8,0,Low
8,4,0,Tirunelveli,main,1,0,Clear,0.0,32.2,57,216,20.0,72.0,2,Heavy
8,1,0,Trichy,main,1,0,Clear,0.0,26.8,51,265,13.2,88.3,2,Heavy
0,6,1,Vellore,secondary,0,0,Clear,0.0,35.9,65,29,30.3,16.1,0,Low
8,6,1,Salem,main,1,0,Clear,0.0,34.0,53,160,27.8,53.3,1,Medium
14,3,0,Thanjavur,highway,2,0,Clear,0.0,28.5,78,126,61.3,28.0,1,Medium
11,0,0,Ooty,highway,2,0,Clear,0.0,33.0,80,165,55.5,36.7,1,Medium
8,3,0,Tirunelveli,main,1,0,Clear,0.0,27.8,70,177,25.4,59.0,1,Medium
9,0,0,Tuticorin,secondary,0,0,Clear,0.0,29.4,69,130,13.9,72.2,2,Heavy
18,1,0,Madurai,main,1,0,Clear,0.0,29.2,78,254,14.7,84.7,2,Heavy
15,4,0,Salem,main,1,0,Clouds,0.0,30.8,58,159,27.9,53.0,1,Medium
18,2,0,Coimbatore,main,1,0,Clear,0.0,34.5,61,299,8.5,99.7,2,Heavy
8,4,0,Ooty,secondary,0,1,Clear,0.0,28.4,63,178,8.0,100.0,2,Heavy
11,2,0,Vellore,highway,2,0,Clear,0.0,32.1,66,151,57.6,33.6,1,Medium
8,1,0,Coimbatore,highway,2,0,Clear,0.0,34.9,70,401,20.6,89.1,3,Very Heavy
22,3,0,Tuticorin,secondary,0,0,Rain,15.0,32.6,82,78,20.6,49.3,1,Medium
8,0,0,Coimbatore,highway,2,0,Clear,0.0,30.0,48,426,16.9,94.7,3,Very Heavy
9,1,0,Coimbatore,highway,2,0,Clear,0.0,28.8,59,418,18.1,92.9,3,Very Heavy
14,1,0,Madurai,highway,2,0,Clouds,0.0,30.7,65,202,50.1,44.9,1,Medium
13,5,1,Salem,secondary,0,0,Clear,0.0,32.4,72,74,23.0,41.1,1,Medium
15,6,1,Tirunelveli,main,1,0,Clear,0.0,26.0,54,136,31.1,45.3,1,Medium
9,4,0,Madurai,main,1,0,Clear,0.0,33.7,75,241,16.5,80.3,2,Heavy
18,4,0,Tuticorin,highway,2,0,Clear,0.0,37.9,70,275,39.3,61.1,2,Heavy
8,0,0,Erode,main,1,0,Clear,0.0,33.4,62,186,24.2,62.0,2,Heavy
19,1,0,Erode,highway,2,0,Clear,0.0,32.2,73,246,43.5,54.7,2,Heavy
8,4,0,Tirunelveli,highway,2,0,Clouds,0.0,33.3,53,248,43.3,55.1,2,Heavy
0,1,0,Coimbatore,highway,2,0,Clear,0.0,38.7,68,63,70.7,14.0,0,Low
5,6,1,Coimbatore,highway,2,0,Clouds,0.0,34.3,61,49,72.7,10.9,0,Low
18,3,0,Trichy,main,1,0,Clear,0.0,35.8,51,253,14.9,84.3,2,Heavy
21,2,0,Erode,secondary,0,0,Clear,0.0,28.5,80,64,24.6,35.6,1,Medium
11,0,0,Salem,highway,2,0,Rain,17.2,25.6,88,245,39.1,61.3,2,Heavy
7,6,1,Salem,secondary,0,0,Clear,0.0,27.5,75,47,27.4,26.1,0,Low
8,0,0,Coimbatore,highway,2,1,Rain,9.9,23.5,95,738,13.3,100.0,3,Very Heavy
17,6,1,Ooty,highway,2,0,Clouds,0.0,33.6,80,165,55.5,36.7,1,Medium
17,2,0,Trichy,highway,2,0,Rain,17.7,26.5,97,440,13.3,100.0,3,Very Heavy
14,4,0,Thanjavur,secondary,0,0,Clouds,0.0,32.0,62,73,23.2,40.6,1,Medium
14,3,0,Madurai,highway,2,0,Clouds,0.0,35.6,45,214,48.3,47.6,1,Medium
16,2,0,Madurai,highway,2,0,Rain,8.2,29.6,92,209,46.9,49.7,1,Medium
14,4,0,Thanjavur,secondary,0,0,Clear,0.0,31.2,65,42,28.2,23.3,0,Low
8,0,0,Chennai,highway,2,0,Rain,8.9,32.4,93,462,13.3,100.0,3,Very Heavy
14,5,1,Ooty,main,1,1,Rain,6.7,23.6,97,196,13.3,88.0,2,Heavy
20,6,1,Ooty,main,1,0,Drizzle,0.3,33.4,92,122,33.0,40.8,1,Medium
5,4,0,Tirunelveli,secondary,0,1,Drizzle,1.4,30.9,84,16,26.4,29.4,0,Low
7,1,0,Thanjavur,highway,2,0,Clear,0.0,35.5,60,53,72.1,11.8,0,Low
18,6,1,Thanjavur,main,1,0,Clouds,0.0,24.3,72,107,35.1,35.7,1,Medium
14,5,1,Thanjavur,main,1,0,Clouds,0.0,31.5,67,108,35.0,36.0,1,Medium
18,3,0,Tirunelveli,main,1,0,Clear,0.0,27.4,58,216,20.0,72.0,2,Heavy
22,3,0,Salem,main,1,0,Clear,0.0,35.9,46,107,35.1,35.7,1,Medium
22,1,0,Chennai,main,1,0,Clouds,0.0,35.6,62,149,29.3,49.7,1,Medium
7,3,0,Tuticorin,highway,2,0,Clear,0.0,38.9,60,23,76.6,5.1,0,Low
15,1,0,Tuticorin,main,1,0,Clear,0.0,30.2,56,132,31.7,44.0,1,Medium
16,2,0,Tuticorin,highway,2,0,Clouds,0.0,29.3,48,153,57.3,34.0,1,Medium
19,1,0,Erode,highway,2,0,Clear,0.0,27.2,69,254,42.4,56.4,2,Heavy
8,4,0,Thanjavur,secondary,0,0,Clouds,0.0,29.0,70,119,15.7,66.1,2,Heavy
8,2,0,Thanjavur,highway,2,0,Drizzle,0.4,33.5,93,269,40.1,59.9,2,Heavy
6,4,0,Erode,main,1,0,Clear,0.0,30.9,75,48,43.3,16.0,0,Low
15,5,1,Tuticorin,highway,2,0,Clear,0.0,35.2,72,131,60.6,29.1,1,Medium
12,2,0,Coimbatore,secondary,0,0,Clouds,0.0,31.9,46,95,19.6,52.8,1,Medium
16,3,0,Tuticorin,main,1,0,Clouds,0.0,34.5,54,95,36.8,31.7,0,Low
21,1,0,Chennai,highway,2,0,Clear,0.0,30.3,64,172,54.5,38.2,1,Medium
8,4,0,Thanjavur,highway,2,0,Clear,0.0,37.4,54,258,41.8,57.3,2,Heavy
14,2,0,Tuticorin,secondary,0,0,Clear,0.0,32.5,62,38,28.8,21.1,0,Low
17,5,1,Coimbatore,main,1,0,Rain,12.1,26.1,95,216,18.0,76.8,2,Heavy
7,2,0,Thanjavur,secondary,0,0,Drizzle,4.5,31.0,81,22,30.9,14.0,0,Low
1,1,0,Thanjavur,secondary,0,0,Clear,0.0,32.8,55,15,32.6,8.3,0,Low
9,4,0,Ooty,main,1,1,Clouds,0.0,39.0,69,287,8.3,100.0,2,Heavy
9,2,0,Thanjavur,main,1,0,Clouds,0.0,32.1,78,209,21.0,69.7,2,Heavy
12,4,0,Ooty,highway,2,0,Clear,0.0,27.3,66,167,55.3,37.1,1,Medium
15,6,1,Madurai,secondary,0,0,Clouds,0.0,30.3,78,104,18.1,57.8,1,Medium
21,1,0,Madurai,secondary,0,0,Clear,0.0,39.2,52,47,27.4,26.1,0,Low
19,3,0,Chennai,main,1,0,Clear,0.0,27.9,62,285,10.4,95.0,2,Heavy
18,4,0,Madurai,highway,2,0,Clear,0.0,23.2,59,311,33.9,69.1,2,Heavy
14,4,0,Vellore,highway,2,0,Clear,0.0,27.4,69,138,59.5,30.7,1,Medium
12,0,0,Trichy,highway,2,0,Clouds,0.0,30.7,57,196,50.9,43.6,1,Medium
17,6,1,Tuticorin,main,1,0,Clouds,0.0,29.9,69,143,30.1,47.7,1,Medium
15,5,1,Tuticorin,secondary,0,1,Rain,8.5,29.6,89,92,13.3,74.5,2,Heavy
15,5,1,Trichy,secondary,0,0,Clear,0.0,30.4,48,74,23.0,41.1,1,Medium
8,2,0,Salem,main,1,0,Clouds,0.0,26.6,74,269,12.6,89.7,2,Heavy
8,4,0,Thanjavur,highway,2,0,Rain,28.6,23.2,89,353,20.1,89.9,3,Very Heavy
20,3,0,Tuticorin,secondary,0,0,Clouds,0.0,27.2,55,90,20.4,50.0,1,Medium
11,4,0,Vellore,secondary,0,0,Clear,0.0,26.0,55,87,20.9,48.3,1,Medium
15,5,1,Madurai,main,1,0,Clear,0.0,29.1,48,168,26.7,56.0,1,Medium
16,0,0,Vellore,main,1,1,Clear,0.0,34.6,45,190,15.3,83.3,2,Heavy
19,1,0,Chennai,secondary,0,0,Clear,0.0,32.0,73,158,9.4,87.8,2,Heavy
16,4,0,Thanjavur,main,1,0,Drizzle,3.4,26.4,86,90,36.9,31.4,0,Low
19,2,0,Ooty,secondary,0,1,Clear,0.0,33.1,56,189,8.0,100.0,2,Heavy
18,1,0,Tuticorin,secondary,0,0,Clouds,0.0,29.2,50,107,17.7,59.4,1,Medium
19,0,0,Coimbatore,main,1,0,Clear,0.0,34.6,62,290,9.7,96.7,2,Heavy
5,4,0,Trichy,secondary,0,0,Rain,6.3,28.5,98,51,26.0,30.9,0,Low
16,2,0,Salem,main,1,0,Clear,0.0,35.5,53,165,27.1,55.0,1,Medium
14,1,0,Ooty,main,1,0,Clear,0.0,26.7,45,138,30.8,46.0,1,Medium
19,6,1,Coimbatore,secondary,0,1,Rain,16.9,25.8,85,241,8.0,100.0,2,Heavy
16,5,1,Trichy,highway,2,0,Clear,0.0,38.4,77,175,54.1,38.9,1,Medium
10,5,1,Ooty,main,1,1,Clear,0.0,29.7,56,212,12.2,90.7,2,Heavy
18,5,1,Vellore,main,1,0,Clouds,0.0,30.6,79,122,33.0,40.7,1,Medium
10,5,1,Chennai,secondary,0,0,Drizzle,3.1,28.5,93,130,13.6,73.5,2,Heavy
22,2,0,Tirunelveli,highway,2,0,Clear,0.0,29.9,55,131,60.6,29.1,1,Medium
17,2,0,Coimbatore,main,1,0,Drizzle,1.0,26.0,82,296,8.7,99.1,2,Heavy
10,0,0,Trichy,secondary,0,1,Drizzle,4.1,34.9,77,196,8.0,100.0,2,Heavy
8,2,0,Vellore,secondary,0,0,Clear,0.0,34.7,65,116,16.2,64.4,2,Heavy
8,0,0,Ooty,highway,2,0,Clear,0.0,26.4,45,272,39.7,60.4,2,Heavy
13,0,0,Coimbatore,main,1,0,Clear,0.0,29.1,46,164,27.2,54.7,1,Medium
8,2,0,Tirunelveli,highway,2,0,Clear,0.0,28.7,62,234,45.3,52.0,2,Heavy
14,1,0,Tuticorin,secondary,0,0,Clear,0.0,27.7,63,57,25.8,31.7,0,Low
15,0,0,Tuticorin,main,1,0,Clear,0.0,26.9,51,113,34.3,37.7,1,Medium
16,4,0,Madurai,secondary,0,0,Drizzle,2.1,25.5,86,67,23.9,38.1,1,Medium
6,6,1,Ooty,secondary,0,0,Clear,0.0,29.1,74,34,29.5,18.9,0,Low
9,1,0,Vellore,main,1,0,Clear,0.0,33.0,68,211,20.7,70.3,2,Heavy
13,0,0,Tirunelveli,main,1,0,Clear,0.0,29.5,55,124,32.8,41.3,1,Medium
7,6,1,Madurai,secondary,0,0,Clouds,0.0,27.3,49,23,31.3,12.8,0,Low
9,1,0,Tuticorin,main,1,0,Clear,0.0,32.9,66,196,22.8,65.3,2,Heavy
18,4,0,Erode,secondary,0,0,Clear,0.0,27.8,76,103,18.3,57.2,1,Medium
19,1,0,Thanjavur,highway,2,1,Rain,31.9,38.5,94,558,13.3,100.0,3,Very Heavy
16,0,0,Tirunelveli,main,1,0,Clouds,0.0,32.6,45,116,33.9,38.7,1,Medium
11,4,0,Thanjavur,main,1,0,Clear,0.0,35.1,64,107,35.1,35.7,1,Medium
22,2,0,Erode,secondary,0,1,Clouds,0.0,34.5,70,57,19.9,51.7,1,Medium
22,0,0,Tirunelveli,secondary,0,0,Rain,19.8,29.9,84,56,23.6,39.0,1,Medium
16,5,1,Erode,secondary,0,0,Clear,0.0,31.9,79,46,27.5,25.6,0,Low
11,2,0,Trichy,secondary,0,0,Clear,0.0,26.7,53,56,25.9,31.1,0,Low
20,5,1,Madurai,secondary,0,0,Clouds,0.0,34.9,71,105,18.0,58.3,1,Medium
16,3,0,Tuticorin,main,1,0,Clear,0.0,30.2,67,88,37.8,29.3,0,Low
19,1,0,Tuticorin,main,1,0,Clear,0.0,23.3,68,199,22.4,66.3,2,Heavy
15,5,1,Tirunelveli,highway,2,0,Clear,0.0,26.8,62,165,55.5,36.7,1,Medium
13,5,1,Coimbatore,highway,2,1,Rain,12.0,27.3,95,444,13.3,100.0,3,Very Heavy
5,2,0,Salem,secondary,0,1,Clear,0.0,29.3,75,33,23.8,38.3,1,Medium
8,5,1,Salem,main,1,0,Clear,0.0,26.8,61,140,30.5,46.7,1,Medium
16,2,0,Tuticorin,highway,2,1,Clear,0.0,29.8,53,233,32.1,71.8,2,Heavy
16,2,0,Salem,highway,2,0,Clear,0.0,34.1,54,179,53.5,39.8,1,Medium
9,1,0,Salem,secondary,0,1,Clear,0.0,34.2,54,226,8.0,100.0,2,Heavy
9,3,0,Erode,main,1,0,Clear,0.0,25.1,67,176,25.5,58.7,1,Medium
13,3,0,Chennai,highway,2,0,Clear,0.0,37.5,79,234,45.3,52.0,2,Heavy
7,6,1,Vellore,main,1,0,Clear,0.0,35.6,69,50,43.0,16.7,0,Low
20,5,1,Chennai,highway,2,0,Clear,0.0,32.9,62,232,45.6,51.6,2,Heavy
15,3,0,Salem,secondary,0,0,Clear,0.0,28.4,57,66,24.3,36.7,1,Medium
0,0,0,Tirunelveli,secondary,0,0,Clear,0.0,33.3,73,15,32.6,8.3,0,Low
2,0,0,Trichy,highway,2,1,Clouds,0.0,32.4,58,108,50.7,44.0,1,Medium
19,1,0,Coimbatore,highway,2,0,Clouds,0.0,33.0,56,394,21.6,87.6,3,Very Heavy
17,0,0,Salem,main,1,1,Clouds,0.0,28.5,62,414,8.3,100.0,3,Very Heavy
8,0,0,Tirunelveli,main,1,1,Clear,0.0,38.9,48,297,8.3,100.0,2,Heavy
14,1,0,Vellore,highway,2,0,Clear,0.0,26.5,54,165,55.5,36.7,1,Medium
20,5,1,Ooty,highway,2,1,Rain,24.6,32.8,98,352,13.3,100.0,3,Very Heavy
8,5,1,Chennai,main,1,0,Clouds,0.0,31.7,66,196,22.8,65.3,2,Heavy
12,6,1,Vellore,main,1,0,Rain,19.5,23.0,82,172,22.9,65.1,2,Heavy
15,2,0,Vellore,highway,2,0,Drizzle,2.5,31.0,95,160,55.6,36.6,1,Medium
19,6,1,Tirunelveli,highway,2,0,Clear,0.0,33.3,69,161,56.1,35.8,1,Medium
17,3,0,Coimbatore,secondary,0,0,Clear,0.0,33.2,47,180,8.0,100.0,2,Heavy
11,6,1,Trichy,main,1,0,Clouds,0.0,26.2,73,140,30.5,46.7,1,Medium
18,0,0,Chennai,main,1,0,Clear,0.0,32.8,78,311,8.3,100.0,2,Heavy
15,0,0,Madurai,secondary,0,0,Clouds,0.0,32.2,75,70,23.7,38.9,1,Medium
0,5,1,Ooty,highway,2,0,Rain,26.8,27.7,94,70,62.5,26.3,0,Low
7,4,0,Coimbatore,highway,2,1,Rain,9.3,29.5,85,145,42.7,55.9,1,Medium
10,5,1,Ooty,main,1,0,Clouds,0.0,27.7,58,117,33.8,39.0,1,Medium
9,6,1,Coimbatore,highway,2,0,Clear,0.0,31.8,73,234,45.3,52.0,2,Heavy
16,6,1,Coimbatore,secondary,0,0,Rain,19.8,27.8,75,112,14.6,70.1,2,Heavy
20,3,0,Ooty,secondary,0,0,Clear,0.0,28.1,53,116,16.2,64.4,2,Heavy
9,1,0,Vellore,main,1,1,Rain,27.2,27.9,90,399,8.3,100.0,3,Very Heavy
10,0,0,Ooty,main,1,0,Clear,0.0,34.6,51,203,21.8,67.7,2,Heavy
13,5,1,Thanjavur,highway,2,0,Drizzle,4.6,28.5,79,156,55.7,36.5,1,Medium
8,0,0,Vellore,highway,2,1,Clear,0.0,29.3,58,437,13.3,100.0,3,Very Heavy
7,0,0,Vellore,highway,2,0,Drizzle,1.4,27.2,91,33,74.7,7.9,0,Low
15,3,0,Vellore,secondary,0,0,Clear,0.0,27.0,52,85,21.2,47.2,1,Medium
11,1,0,Erode,highway,2,0,Drizzle,3.1,27.4,88,165,54.7,37.9,1,Medium
11,1,0,Vellore,highway,2,0,Clear,0.0,27.3,62,170,54.8,37.8,1,Medium
9,0,0,Tuticorin,highway,2,0,Clouds,0.0,32.0,59,284,37.9,63.1,2,Heavy
20,4,0,Ooty,secondary,0,0,Clear,0.0,36.0,78,120,15.5,66.7,2,Heavy
9,5,1,Vellore,main,1,0,Clear,0.0,34.9,72,133,31.5,44.3,1,Medium
20,3,0,Madurai,secondary,0,0,Clear,0.0,31.3,77,143,11.8,79.4,2,Heavy
14,0,0,Coimbatore,main,1,1,Clear,0.0,29.0,58,298,8.3,100.0,2,Heavy
13,2,0,Coimbatore,highway,2,0,Clouds,0.0,30.6,46,218,47.7,48.4,1,Medium
18,2,0,Erode,highway,2,1,Clouds,0.0,23.6,45,433,13.3,100.0,3,Very Heavy
3,3,0,Tirunelveli,secondary,0,0,Clouds,0.0,30.9,58,15,32.6,8.3,0,Low
21,5,1,Chennai,secondary,0,0,Clear,0.0,31.9,47,87,20.9,48.3,1,Medium
17,1,0,Coimbatore,secondary,0,0,Rain,6.7,33.4,90,216,8.0,100.0,2,Heavy
8,5,1,Tuticorin,secondary,0,0,Clear,0.0,26.6,72,64,24.6,35.6,1,Medium
14,6,1,Vellore,main,1,0,Clouds,0.0,30.5,79,111,34.6,37.0,1,Medium
18,0,0,Ooty,secondary,0,0,Clear,0.0,35.6,56,89,20.6,49.4,1,Medium
7,1,0,Madurai,main,1,0,Clear,0.0,35.7,46,50,43.0,16.7,0,Low
10,3,0,Madurai,main,1,1,Rain,20.4,30.0,75,525,8.3,100.0,3,Very Heavy
10,4,0,Thanjavur,secondary,0,0,Clouds,0.0,34.9,78,102,18.5,56.7,1,Medium
20,2,0,Tuticorin,highway,2,0,Clouds,0.0,26.5,63,256,42.1,56.9,2,Heavy
21,4,0,Salem,main,1,0,Clouds,0.0,32.9,56,130,32.0,43.3,1,Medium
9,0,0,Madurai,highway,2,0,Clear,0.0,37.8,56,348,28.5,77.3,2,Heavy
8,3,0,Tirunelveli,main,1,0,Rain,23.7,30.0,75,268,8.8,98.8,2,Heavy
20,1,0,Madurai,main,1,0,Clear,0.0,28.9,63,271,12.4,90.3,2,Heavy
7,4,0,Tuticorin,secondary,0,0,Drizzle,0.1,30.2,90,15,32.5,8.4,0,Low
7,0,0,Ooty,secondary,0,0,Clear,0.0,32.1,50,15,32.6,8.3,0,Low
8,6,1,Tuticorin,secondary,0,1,Clear,0.0,40.5,73,115,10.5,83.9,2,Heavy
14,4,0,Erode,highway,2,0,Clear,0.0,28.7,68,153,57.3,34.0,1,Medium
11,2,0,Tirunelveli,main,1,0,Clear,0.0,38.0,80,116,33.9,38.7,1,Medium
9,6,1,Erode,main,1,0,Rain,8.6,27.8,93,123,31.5,44.4,1,Medium
13,6,1,Trichy,main,1,1,Clear,0.0,30.1,69,223,10.7,94.3,2,Heavy
15,5,1,Erode,highway,2,0,Rain,6.5,25.3,87,179,51.7,42.4,1,Medium
19,2,0,Chennai,main,1,0,Clear,0.0,29.0,45,317,8.3,100.0,2,Heavy
7,5,1,Ooty,main,1,0,Clear,0.0,38.4,60,38,44.7,12.7,0,Low
18,4,0,Coimbatore,secondary,0,0,Clouds,0.0,34.2,75,166,8.1,92.2,2,Heavy
15,6,1,Thanjavur,secondary,0,0,Drizzle,3.0,39.7,89,46,27.2,26.8,0,Low
5,2,0,Tirunelveli,highway,2,0,Clear,0.0,32.4,63,22,76.7,4.9,0,Low
18,1,0,Thanjavur,highway,2,0,Clouds,0.0,32.8,65,253,42.5,56.2,2,Heavy
17,2,0,Salem,secondary,0,0,Clear,0.0,28.8,45,162,8.8,90.0,2,Heavy
10,1,0,Vellore,main,1,0,Clouds,0.0,31.6,57,213,20.4,71.0,2,Heavy
17,5,1,Thanjavur,secondary,0,0,Drizzle,1.5,35.2,79,72,23.2,40.6,1,Medium
17,1,0,Tirunelveli,main,1,0,Clouds,0.0,26.3,56,176,25.5,58.7,1,Medium
19,1,0,Trichy,highway,2,0,Drizzle,4.9,26.4,77,354,26.3,80.6,2,Heavy
1,3,0,Coimbatore,highway,2,0,Rain,34.4,31.1,96,68,60.7,28.9,0,Low
20,0,0,Vellore,highway,2,0,Clouds,0.0,28.1,52,246,43.5,54.7,2,Heavy
11,0,0,Madurai,secondary,0,0,Clear,0.0,34.6,67,104,18.1,57.8,1,Medium
14,0,0,Tuticorin,highway,2,0,Drizzle,4.7,33.2,81,144,57.4,33.9,1,Medium
0,5,1,Madurai,secondary,0,0,Clear,0.0,31.9,75,26,30.8,14.4,0,Low
8,2,0,Ooty,highway,2,0,Clouds,0.0,29.1,52,263,41.1,58.4,2,Heavy
7,6,1,Coimbatore,secondary,0,0,Clear,0.0,31.3,50,21,31.6,11.7,0,Low
17,5,1,Vellore,secondary,0,0,Clear,0.0,26.7,72,72,23.3,40.0,1,Medium
8,5,1,Ooty,main,1,0,Clear,0.0,29.9,50,140,30.5,46.7,1,Medium
17,1,0,Tuticorin,highway,2,0,Clear,0.0,34.4,70,280,38.5,62.2,2,Heavy
18,6,1,Vellore,main,1,0,Clear,0.0,28.3,70,121,33.2,40.3,1,Medium
9,6,1,Vellore,secondary,0,0,Clear,0.0,27.3,59,48,27.2,26.7,0,Low
14,0,0,Chennai,highway,2,0,Clear,0.0,27.0,64,214,48.3,47.6,1,Medium
18,6,1,Ooty,secondary,0,0,Clear,0.0,29.4,77,76,22.7,42.2,1,Medium
21,0,0,Thanjavur,highway,2,0,Clear,0.0,26.4,69,104,64.6,23.1,0,Low
19,2,0,Thanjavur,secondary,0,0,Rain,8.8,26.1,97,147,10.1,85.2,2,Heavy
17,5,1,Coimbatore,secondary,0,0,Clouds,0.0,31.1,80,105,18.0,58.3,1,Medium
16,3,0,Salem,main,1,1,Rain,14.6,25.6,84,242,8.3,100.0,2,Heavy
7,2,0,Tuticorin,highway,2,0,Rain,5.4,33.8,95,30,74.1,8.8,0,Low
23,3,0,Erode,main,1,0,Rain,42.8,33.4,95,100,29.0,50.5,1,Medium
7,1,0,Coimbatore,main,1,0,Clear,0.0,35.0,72,42,44.2,14.0,0,Low
13,0,0,Chennai,secondary,0,0,Clouds,0.0,31.1,51,116,16.2,64.4,2,Heavy
14,6,1,Trichy,main,1,0,Rain,39.4,24.6,88,210,14.3,85.8,2,Heavy
8,2,0,Coimbatore,secondary,0,0,Clear,0.0,35.6,59,188,8.0,100.0,2,Heavy
16,2,0,Tuticorin,highway,2,0,Clear,0.0,26.8,58,145,58.5,32.2,1,Medium
12,4,0,Thanjavur,main,1,0,Clear,0.0,38.4,77,99,36.2,33.0,1,Medium
17,6,1,Chennai,secondary,0,0,Clear,0.0,32.4,74,119,15.7,66.1,2,Heavy
17,0,0,Erode,secondary,0,0,Drizzle,3.5,33.5,79,131,13.4,74.2,2,Heavy
12,6,1,Salem,main,1,0,Clear,0.0,28.6,63,157,28.2,52.3,1,Medium
9,1,0,Trichy,main,1,0,Clear,0.0,35.9,74,250,15.3,83.3,2,Heavy
8,2,0,Ooty,highway,2,0,Clear,0.0,34.5,80,280,38.5,62.2,2,Heavy
5,0,0,Vellore,highway,2,0,Rain,8.3,39.9,88,66,68.0,18.0,0,Low
12,6,1,Ooty,highway,2,0,Drizzle,4.3,27.0,98,133,59.1,31.3,1,Medium
19,6,1,Thanjavur,secondary,0,0,Drizzle,4.0,27.2,94,62,24.5,36.0,1,Medium
17,6,1,Tirunelveli,secondary,0,0,Drizzle,0.5,23.9,79,55,26.0,30.8,0,Low
12,6,1,Salem,main,1,0,Rain,11.3,25.5,78,168,24.8,60.5,2,Heavy
9,2,0,Vellore,secondary,0,0,Clear,0.0,35.7,64,121,15.4,67.2,2,Heavy
17,0,0,Chennai,secondary,0,0,Rain,8.4,25.5,87,212,8.0,100.0,2,Heavy
7,6,1,Tirunelveli,secondary,0,0,Drizzle,0.6,35.3,87,15,32.5,8.6,0,Low
21,6,1,Salem,highway,2,0,Clear,0.0,34.8,73,175,54.1,38.9,1,Medium
18,2,0,Ooty,main,1,0,Clouds,0.0,29.3,71,196,22.8,65.3,2,Heavy
17,4,0,Coimbatore,highway,2,0,Clouds,0.0,30.5,80,379,23.9,84.2,3,Very Heavy
16,5,1,Chennai,secondary,0,0,Drizzle,3.9,32.3,81,93,19.5,53.2,1,Medium
7,1,0,Tuticorin,highway,2,0,Clouds,0.0,32.9,53,68,69.9,15.1,0,Low
13,5,1,Tirunelveli,main,1,0,Clouds,0.0,28.0,65,114,34.2,38.0,1,Medium
11,3,0,Tirunelveli,highway,2,1,Rain,28.7,28.2,92,341,13.3,100.0,3,Very Heavy
22,1,0,Trichy,highway,2,0,Drizzle,3.3,34.7,94,142,58.1,32.9,1,Medium
21,1,0,Madurai,highway,2,1,Clouds,0.0,27.0,74,231,32.5,71.3,2,Heavy
21,6,1,Trichy,highway,2,0,Clouds,0.0,36.6,72,144,58.7,32.0,1,Medium
12,3,0,Ooty,highway,2,0,Clouds,0.0,29.7,73,169,54.9,37.6,1,Medium
6,3,0,Ooty,main,1,0,Clouds,0.0,33.1,58,54,42.5,18.0,0,Low
6,4,0,Tuticorin,main,1,0,Clouds,0.0,35.4,67,45,43.8,15.0,0,Low
9,4,0,Chennai,highway,2,0,Clouds,0.0,31.6,53,415,18.5,92.2,3,Very Heavy
8,3,0,Madurai,main,1,0,Clear,0.0,32.9,78,243,16.2,81.0,2,Heavy
14,6,1,Chennai,highway,2,0,Clear,0.0,38.4,61,226,46.5,50.2,2,Heavy
12,1,0,Thanjavur,main,1,0,Clear,0.0,40.2,54,128,32.2,42.7,1,Medium
8,0,0,Vellore,highway,2,1,Clear,0.0,36.0,74,420,13.3,100.0,3,Very Heavy
11,5,1,Chennai,main,1,0,Drizzle,1.9,34.7,98,158,27.7,53.4,1,Medium
8,2,0,Tirunelveli,highway,2,0,Clear,0.0,32.6,62,247,43.4,54.9,2,Heavy
14,4,0,Tuticorin,highway,2,0,Clear,0.0,34.9,76,127,61.2,28.2,1,Medium
22,0,0,Salem,secondary,0,0,Clear,0.0,26.8,65,83,21.6,46.1,1,Medium
13,2,0,Ooty,main,1,1,Rain,8.1,28.2,76,211,11.0,93.6,2,Heavy
23,6,1,Tirunelveli,secondary,0,0,Rain,50.9,25.3,95,44,21.9,44.8,1,Medium
21,3,0,Coimbatore,secondary,0,0,Clear,0.0,34.5,70,62,25.0,34.4,1,Medium
9,6,1,Erode,main,1,0,Clouds,0.0,30.4,72,139,30.7,46.3,1,Medium
11,0,0,Tuticorin,highway,2,0,Clear,0.0,36.2,69,153,57.3,34.0,1,Medium
18,4,0,Coimbatore,main,1,0,Drizzle,3.3,29.4,91,306,8.3,100.0,2,Heavy
16,5,1,Ooty,highway,2,0,Clear,0.0,30.4,50,156,56.9,34.7,1,Medium
22,5,1,Salem,highway,2,0,Clear,0.0,40.1,48,158,56.6,35.1,1,Medium
12,0,0,Coimbatore,secondary,0,0,Clear,0.0,26.8,67,105,18.0,58.3,1,Medium
17,3,0,Chennai,highway,2,0,Clear,0.0,33.0,50,398,21.1,88.4,3,Very Heavy
13,5,1,Tuticorin,secondary,0,0,Clear,0.0,26.8,56,76,22.7,42.2,1,Medium
7,4,0,Salem,secondary,0,0,Rain,13.4,30.8,95,45,26.1,30.4,0,Low
22,4,0,Erode,secondary,0,0,Clear,0.0,30.7,68,67,24.1,37.2,1,Medium
6,1,0,Erode,main,1,0,Rain,17.2,34.6,81,31,42.8,17.2,0,Low
7,1,0,Vellore,secondary,0,0,Clear,0.0,33.7,57,15,32.6,8.3,0,Low
1,1,0,Vellore,main,1,0,Clear,0.0,30.5,75,22,47.0,7.3,0,Low
15,6,1,Trichy,main,1,0,Drizzle,3.3,30.3,97,145,29.3,49.7,1,Medium
15,5,1,Vellore,secondary,0,1,Clear,0.0,32.1,77,118,10.0,85.6,2,Heavy
17,4,0,Vellore,highway,2,1,Clear,0.0,34.9,80,415,13.3,100.0,3,Very Heavy
14,5,1,Vellore,highway,2,0,Rain,15.6,38.0,84,209,44.9,52.7,1,Medium
9,1,0,Tirunelveli,main,1,1,Rain,5.5,29.8,94,377,8.3,100.0,3,Very Heavy
7,2,0,Ooty,main,1,0,Rain,12.0,28.2,96,35,43.1,16.5,0,Low
16,2,0,Vellore,highway,2,0,Clear,0.0,27.8,56,132,60.5,29.3,1,Medium
10,1,0,Erode,main,1,0,Clear,0.0,27.6,61,201,22.1,67.0,2,Heavy
10,0,0,Chennai,highway,2,0,Rain,12.0,30.9,83,488,13.3,100.0,3,Very Heavy
18,4,0,Tirunelveli,highway,2,0,Clouds,0.0,40.2,51,262,41.2,58.2,2,Heavy
22,6,1,Vellore,highway,2,1,Clouds,0.0,23.3,51,171,41.3,58.0,1,Medium
7,1,0,Madurai,secondary,0,0,Clear,0.0,39.6,77,15,32.6,8.3,0,Low
10,1,0,Ooty,main,1,0,Clear,0.0,34.1,45,190,23.6,63.3,2,Heavy
8,2,0,Salem,secondary,0,0,Clear,0.0,38.3,60,139,12.5,77.2,2,Heavy
18,3,0,Trichy,highway,2,0,Clouds,0.0,30.4,68,355,27.4,78.9,2,Heavy
18,0,0,Chennai,secondary,0,0,Clear,0.0,29.9,55,145,11.5,80.6,2,Heavy
8,4,0,Ooty,secondary,0,1,Clouds,0.0,30.2,78,190,8.0,100.0,2,Heavy
17,2,0,Thanjavur,main,1,0,Clouds,0.0,34.9,54,182,24.7,60.7,2,Heavy
18,5,1,Thanjavur,secondary,0,0,Clouds,0.0,34.8,70,47,27.4,26.1,0,Low
10,5,1,Chennai,secondary,0,0,Clear,0.0,23.7,79,115,16.4,63.9,2,Heavy
10,5,1,Salem,secondary,0,1,Clear,0.0,33.7,61,159,8.0,100.0,2,Heavy
7,0,0,Erode,secondary,0,0,Clouds,0.0,40.4,48,21,31.6,11.7,0,Low
17,3,0,Salem,secondary,0,0,Clouds,0.0,32.6,79,132,13.6,73.3,2,Heavy
18,5,1,Salem,secondary,0,1,Rain,9.2,27.2,87,148,8.0,100.0,2,Heavy
14,1,0,Coimbatore,main,1,0,Clear,0.0,30.7,71,159,27.9,53.0,1,Medium
13,2,0,Vellore,highway,2,0,Clouds,0.0,27.7,70,166,55.4,36.9,1,Medium
17,3,0,Erode,main,1,0,Drizzle,1.1,26.9,79,198,22.3,66.4,2,Heavy
14,4,0,Madurai,secondary,0,0,Clouds,0.0,29.7,55,62,25.0,34.4,1,Medium
7,2,0,Tuticorin,main,1,1,Rain,21.6,25.4,86,67,28.7,51.0,1,Medium
13,6,1,Salem,main,1,0,Clouds,0.0,28.2,64,166,27.0,55.3,1,Medium
7,2,0,Vellore,highway,2,1,Clear,0.0,35.0,64,94,52.7,40.9,1,Medium
19,6,1,Erode,main,1,0,Clouds,0.0,28.3,74,105,35.4,35.0,1,Medium
18,5,1,Tirunelveli,highway,2,1,Drizzle,4.6,25.7,87,236,30.5,74.3,2,Heavy
17,5,1,Ooty,main,1,0,Drizzle,2.5,34.0,95,141,30.0,48.0,1,Medium
16,5,1,Salem,secondary,0,0,Clouds,0.0,31.2,48,103,18.3,57.2,1,Medium
20,0,0,Vellore,secondary,0,0,Drizzle,0.5,25.0,81,128,14.2,71.3,2,Heavy
6,4,0,Tuticorin,main,1,0,Rain,10.7,25.7,75,23,45.0,11.9,0,Low
19,2,0,Erode,highway,2,0,Clear,0.0,27.4,79,250,42.9,55.6,2,Heavy
10,3,0,Coimbatore,highway,2,1,Clear,0.0,23.5,56,644,13.3,100.0,3,Very Heavy
7,2,0,Coimbatore,main,1,0,Clear,0.0,38.3,48,62,41.4,20.7,0,Low
14,4,0,Trichy,main,1,0,Clear,0.0,30.8,80,145,29.9,48.3,1,Medium
20,0,0,Ooty,highway,2,0,Clouds,0.0,37.2,60,242,44.1,53.8,2,Heavy
12,0,0,Salem,secondary,0,0,Clear,0.0,24.3,68,70,23.7,38.9,1,Medium
22,4,0,Thanjavur,main,1,1,Clear,0.0,27.7,63,120,25.0,60.0,2,Heavy
16,6,1,Vellore,main,1,0,Clear,0.0,27.1,58,90,37.5,30.0,0,Low
14,0,0,Madurai,secondary,0,0,Rain,13.6,38.0,79,84,19.8,52.1,1,Medium
16,6,1,Erode,highway,2,0,Clear,0.0,37.3,73,146,58.4,32.4,1,Medium
13,4,0,Tirunelveli,highway,2,0,Drizzle,0.2,36.7,75,126,61.3,28.1,1,Medium
8,4,0,Chennai,secondary,0,0,Rain,8.6,29.3,77,209,8.0,100.0,2,Heavy
15,6,1,Ooty,highway,2,1,Clouds,0.0,26.0,67,254,29.1,76.4,2,Heavy
8,6,1,Tirunelveli,main,1,0,Drizzle,3.1,26.6,81,110,34.2,37.9,1,Medium
17,5,1,Chennai,main,1,0,Clouds,0.0,32.4,64,195,22.9,65.0,2,Heavy
9,5,1,Tirunelveli,highway,2,0,Rain,12.4,26.2,95,178,50.3,44.5,1,Medium
14,4,0,Tuticorin,secondary,0,0,Clear,0.0,27.3,56,42,28.2,23.3,0,Low
21,6,1,Madurai,main,1,0,Clouds,0.0,32.9,46,122,33.0,40.7,1,Medium
17,3,0,Tuticorin,main,1,1,Clouds,0.0,29.2,48,312,8.3,100.0,2,Heavy
17,3,0,Salem,highway,2,0,Drizzle,2.3,28.2,98,323,31.5,72.7,2,Heavy
13,0,0,Erode,secondary,0,0,Clouds,0.0,28.3,46,82,21.7,45.6,1,Medium
20,1,0,Erode,highway,2,0,Clear,0.0,30.3,51,235,45.2,52.2,2,Heavy
21,6,1,Tuticorin,secondary,0,0,Rain,14.1,39.2,85,52,24.9,34.5,1,Medium
21,6,1,Thanjavur,highway,2,1,Rain,5.9,28.0,78,230,31.0,73.5,2,Heavy
22,0,0,Coimbatore,highway,2,0,Clear,0.0,34.0,53,162,56.0,36.0,1,Medium
16,0,0,Salem,secondary,0,1,Rain,33.1,30.0,87,187,8.0,100.0,2,Heavy
19,6,1,Erode,highway,2,1,Drizzle,1.8,26.7,87,261,27.5,78.7,2,Heavy
7,5,1,Tuticorin,secondary,0,1,Clear,0.0,23.1,57,48,21.4,46.7,1,Medium
18,1,0,Coimbatore,secondary,0,0,Drizzle,5.0,26.9,88,182,8.0,100.0,2,Heavy
9,6,1,Vellore,highway,2,0,Clouds,0.0,33.5,77,156,56.9,34.7,1,Medium
18,1,0,Tuticorin,secondary,0,0,Clear,0.0,32.6,45,92,20.1,51.1,1,Medium
14,6,1,Chennai,highway,2,1,Clear,0.0,28.0,57,355,14.1,98.9,3,Very Heavy
17,5,1,Tirunelveli,highway,2,0,Drizzle,1.4,27.5,93,158,56.2,35.7,1,Medium
12,1,0,Tuticorin,main,1,0,Clear,0.0,26.0,76,102,35.8,34.0,1,Medium
16,1,0,Trichy,main,1,0,Clear,0.0,27.8,69,119,33.5,39.7,1,Medium
6,0,0,Tirunelveli,highway,2,0,Clear,0.0,26.3,68,30,75.5,6.7,0,Low
8,2,0,Salem,highway,2,0,Clear,0.0,24.4,56,322,32.3,71.6,2,Heavy
19,1,0,Coimbatore,highway,2,0,Rain,31.0,29.1,81,534,13.3,100.0,3,Very Heavy
17,4,0,Tirunelveli,main,1,1,Clear,0.0,30.1,49,294,8.3,100.0,2,Heavy
14,5,1,Trichy,highway,2,0,Clouds,0.0,38.4,60,205,49.6,45.6,1,Medium
9,1,0,Trichy,secondary,0,1,Clouds,0.0,40.7,53,226,8.0,100.0,2,Heavy
6,3,0,Trichy,secondary,0,1,Rain,25.2,26.1,91,65,15.7,66.2,2,Heavy
14,3,0,Thanjavur,main,1,0,Clouds,0.0,30.9,75,105,35.4,35.0,1,Medium
16,6,1,Tuticorin,main,1,1,Drizzle,3.6,30.2,82,184,15.5,82.8,2,Heavy
8,3,0,Trichy,main,1,0,Clear,0.0,27.3,61,228,18.3,76.0,2,Heavy
14,1,0,Salem,main,1,0,Clear,0.0,26.5,72,142,30.3,47.3,1,Medium
9,0,0,Vellore,main,1,0,Clouds,0.0,28.9,67,201,22.1,67.0,2,Heavy
16,6,1,Thanjavur,secondary,0,0,Rain,12.9,36.0,76,68,22.5,42.9,1,Medium
10,2,0,Trichy,secondary,0,0,Clouds,0.0,31.0,57,161,8.9,89.4,2,Heavy
0,2,0,Thanjavur,main,1,0,Clouds,0.0,38.3,70,15,47.9,5.0,0,Low
14,6,1,Vellore,secondary,0,0,Clear,0.0,31.2,58,88,20.7,48.9,1,Medium
17,3,0,Thanjavur,main,1,0,Clouds,0.0,37.7,72,182,24.7,60.7,2,Heavy
19,0,0,Vellore,main,1,0,Rain,20.4,30.1,98,279,8.3,100.0,2,Heavy
9,3,0,Tirunelveli,main,1,0,Clear,0.0,27.7,79,205,21.5,68.3,2,Heavy
8,2,0,Chennai,highway,2,1,Clouds,0.0,24.6,70,645,13.3,100.0,3,Very Heavy
11,3,0,Coimbatore,secondary,0,0,Clear,0.0,27.0,64,108,17.5,60.0,2,Heavy
19,4,0,Madurai,highway,2,0,Rain,9.7,28.8,87,369,22.7,85.9,3,Very Heavy
14,3,0,Salem,secondary,0,0,Clear,0.0,35.9,71,63,24.8,35.0,1,Medium
13,0,0,Thanjavur,main,1,0,Clear,0.0,33.1,64,118,33.6,39.3,1,Medium
15,2,0,Madurai,secondary,0,0,Clear,0.0,30.9,62,83,21.6,46.1,1,Medium
16,1,0,Coimbatore,main,1,0,Clear,0.0,26.4,74,156,28.3,52.0,1,Medium
19,3,0,Salem,secondary,0,0,Clear,0.0,38.9,70,124,14.9,68.9,2,Heavy
8,4,0,Erode,highway,2,0,Clear,0.0,23.8,56,278,38.8,61.8,2,Heavy
20,1,0,Chennai,highway,2,0,Clear,0.0,37.9,49,391,22.1,86.9,3,Very Heavy
23,4,0,Vellore,main,1,1,Rain,9.1,30.1,85,148,19.6,73.0,2,Heavy
14,3,0,Salem,highway,2,0,Clear,0.0,33.5,74,180,53.3,40.0,1,Medium
0,0,0,Erode,highway,2,0,Clear,0.0,23.7,76,60,71.1,13.3,0,Low
21,1,0,Trichy,secondary,0,0,Clear,0.0,27.8,46,45,27.7,25.0,0,Low
11,0,0,Thanjavur,secondary,0,1,Drizzle,3.3,25.9,89,88,14.5,70.2,2,Heavy
14,3,0,Chennai,secondary,0,0,Clear,0.0,25.5,51,76,22.7,42.2,1,Medium
5,3,0,Tuticorin,highway,2,0,Clear,0.0,26.3,50,18,77.3,4.0,0,Low
17,0,0,Tirunelveli,highway,2,0,Clouds,0.0,26.4,55,266,40.6,59.1,2,Heavy
10,5,1,Coimbatore,main,1,0,Clear,0.0,28.1,72,186,24.2,62.0,2,Heavy
0,5,1,Tirunelveli,highway,2,0,Clear,0.0,33.1,49,57,71.5,12.7,0,Low
6,1,0,Tirunelveli,highway,2,0,Clouds,0.0,33.9,51,54,72.0,12.0,0,Low
21,4,0,Madurai,main,1,0,Clear,0.0,37.0,53,132,31.7,44.0,1,Medium
13,2,0,Tirunelveli,secondary,0,1,Clear,0.0,32.4,73,89,14.8,69.4,2,Heavy
17,0,0,Thanjavur,secondary,0,0,Clear,0.0,30.3,64,98,19.1,54.4,1,Medium
5,2,0,Tuticorin,highway,2,0,Clear,0.0,33.3,47,46,73.2,10.2,0,Low
9,5,1,Tirunelveli,highway,2,0,Clouds,0.0,28.3,63,183,52.9,40.7,1,Medium
9,4,0,Tirunelveli,main,1,1,Clear,0.0,29.8,59,306,8.3,100.0,2,Heavy
16,0,0,Madurai,main,1,0,Drizzle,1.2,35.4,79,127,32.2,42.8,1,Medium
16,6,1,Coimbatore,highway,2,0,Clear,0.0,33.2,74,225,46.7,50.0,2,Heavy
16,2,0,Erode,highway,2,0,Clouds,0.0,35.3,62,149,57.9,33.1,1,Medium
8,3,0,Erode,main,1,0,Clouds,0.0,33.9,54,170,26.4,56.7,1,Medium
19,6,1,Erode,main,1,0,Clear,0.0,35.1,56,125,32.6,41.7,1,Medium
15,3,0,Salem,main,1,0,Clouds,0.0,26.0,54,151,29.0,50.3,1,Medium
12,3,0,Tirunelveli,main,1,0,Clear,0.0,26.4,49,95,36.8,31.7,0,Low
8,6,1,Erode,secondary,0,0,Clear,0.0,30.9,67,86,21.1,47.8,1,Medium
5,3,0,Tirunelveli,secondary,0,0,Clear,0.0,32.8,68,37,29.0,20.6,0,Low
8,4,0,Ooty,secondary,0,0,Clear,0.0,33.7,55,124,14.9,68.9,2,Heavy
17,0,0,Erode,main,1,0,Clear,0.0,29.0,72,203,21.8,67.7,2,Heavy
15,5,1,Ooty,main,1,0,Clear,0.0,31.7,50,110,34.7,36.7,1,Medium
18,5,1,Madurai,main,1,0,Clear,0.0,26.7,76,174,25.8,58.0,1,Medium
12,2,0,Erode,secondary,0,0,Rain,27.3,24.1,97,91,17.1,61.5,2,Heavy
21,3,0,Madurai,secondary,0,0,Rain,27.7,24.5,98,108,14.3,71.1,2,Heavy
22,6,1,Trichy,main,1,0,Clear,0.0,26.9,55,95,36.8,31.7,0,Low
10,4,0,Salem,highway,2,0,Clear,0.0,33.5,45,306,34.7,68.0,2,Heavy
18,0,0,Ooty,secondary,0,0,Rain,12.0,31.2,94,147,9.8,86.5,2,Heavy
13,2,0,Salem,main,1,1,Drizzle,5.0,30.1,96,226,9.5,97.3,2,Heavy
17,3,0,Trichy,main,1,0,Clear,0.0,30.0,51,248,15.5,82.7,2,Heavy
16,6,1,Madurai,highway,2,0,Clear,0.0,32.2,60,210,48.9,46.7,1,Medium
12,1,0,Vellore,secondary,0,1,Clear,0.0,29.6,65,77,16.7,62.8,2,Heavy
13,4,0,Tirunelveli,secondary,0,0,Clear,0.0,35.3,67,68,24.0,37.8,1,Medium
20,5,1,Ooty,secondary,0,0,Clouds,0.0,33.8,78,87,20.9,48.3,1,Medium
7,6,1,Thanjavur,highway,2,0,Clear,0.0,30.5,74,25,76.3,5.6,0,Low
15,1,0,Vellore,secondary,0,0,Clear,0.0,35.9,50,39,28.7,21.7,0,Low
20,6,1,Madurai,main,1,0,Clear,0.0,40.2,52,170,26.4,56.7,1,Medium
18,2,0,Vellore,highway,2,0,Clear,0.0,33.2,66,281,38.4,62.4,2,Heavy
16,4,0,Erode,secondary,0,0,Clear,0.0,26.9,63,85,21.2,47.2,1,Medium
18,0,0,Tuticorin,highway,2,0,Rain,5.2,27.6,87,273,38.2,62.7,2,Heavy
16,1,0,Salem,highway,2,0,Clear,0.0,32.0,53,182,53.1,40.4,1,Medium
0,6,1,Coimbatore,main,1,0,Clear,0.0,30.6,59,63,41.2,21.0,0,Low
18,6,1,Salem,highway,2,0,Rain,15.5,24.0,97,299,31.6,72.6,2,Heavy
16,1,0,Tuticorin,main,1,0,Clear,0.0,33.2,66,134,31.4,44.7,1,Medium
17,6,1,Trichy,secondary,0,0,Clouds,0.0,31.5,55,82,21.7,45.6,1,Medium
13,2,0,Erode,secondary,0,1,Clear,0.0,28.0,63,110,11.3,81.1,2,Heavy
7,6,1,Erode,highway,2,0,Clear,0.0,24.3,64,26,76.1,5.8,0,Low
13,1,0,Vellore,secondary,0,0,Clear,0.0,34.6,45,44,27.9,24.4,0,Low
11,3,0,Ooty,highway,2,0,Rain,27.3,30.8,86,190,44.6,53.1,1,Medium
22,5,1,Chennai,highway,2,0,Rain,26.2,34.4,98,226,39.5,60.7,2,Heavy
12,2,0,Coimbatore,highway,2,0,Clouds,0.0,30.9,69,252,42.7,56.0,2,Heavy
18,6,1,Ooty,highway,2,0,Clear,0.0,23.9,68,144,58.7,32.0,1,Medium
17,4,0,Vellore,secondary,0,0,Clear,0.0,33.5,75,133,13.4,73.9,2,Heavy
11,5,1,Tuticorin,highway,2,0,Rain,18.2,23.5,85,229,41.2,58.2,2,Heavy
12,5,1,Thanjavur,highway,2,0,Clear,0.0,31.2,78,163,55.9,36.2,1,Medium
18,5,1,Thanjavur,secondary,0,0,Clear,0.0,32.0,52,53,26.4,29.4,0,Low
13,2,0,Chennai,secondary,0,0,Clear,0.0,28.6,55,121,15.4,67.2,2,Heavy
22,4,0,Chennai,highway,2,0,Rain,12.3,30.0,96,206,46.2,50.7,1,Medium
20,2,0,Chennai,secondary,0,0,Clear,0.0,30.9,65,165,8.3,91.7,2,Heavy
14,5,1,Tuticorin,secondary,0,0,Clear,0.0,34.6,57,51,26.7,28.3,0,Low
15,4,0,Madurai,secondary,0,0,Clear,0.0,32.9,49,96,19.5,53.3,1,Medium
13,2,0,Madurai,main,1,1,Clear,0.0,23.6,54,252,8.3,100.0,2,Heavy
17,1,0,Salem,secondary,0,0,Clear,0.0,26.4,77,122,15.2,67.8,2,Heavy
11,4,0,Tirunelveli,main,1,0,Clear,0.0,29.3,80,93,37.1,31.0,0,Low
18,1,0,Tirunelveli,main,1,1,Clear,0.0,27.1,59,293,8.3,100.0,2,Heavy
17,2,0,Madurai,secondary,0,0,Drizzle,1.1,28.6,86,131,13.7,73.2,2,Heavy
16,0,0,Thanjavur,main,1,0,Clouds,0.0,32.8,67,138,30.8,46.0,1,Medium
16,6,1,Thanjavur,secondary,0,0,Clouds,0.0,32.6,77,47,27.4,26.1,0,Low
17,0,0,Erode,secondary,0,0,Clear,0.0,26.3,60,112,16.9,62.2,2,Heavy
23,6,1,Madurai,main,1,0,Clouds,0.0,34.8,78,102,35.8,34.0,1,Medium
19,2,0,Salem,secondary,0,0,Drizzle,2.1,26.8,77,128,14.0,72.0,2,Heavy
15,0,0,Coimbatore,highway,2,0,Clouds,0.0,26.4,45,242,44.1,53.8,2,Heavy
14,5,1,Madurai,main,1,0,Rain,27.5,24.5,94,217,15.3,83.3,2,Heavy
12,4,0,Chennai,secondary,0,0,Clear,0.0,23.3,78,101,18.6,56.1,1,Medium
20,6,1,Madurai,secondary,0,0,Clear,0.0,35.5,53,88,20.7,48.9,1,Medium
8,0,0,Vellore,main,1,0,Clear,0.0,35.3,52,185,24.3,61.7,2,Heavy
17,4,0,Trichy,highway,2,0,Clouds,0.0,26.4,77,335,30.4,74.4,2,Heavy
5,0,0,Tuticorin,main,1,1,Rain,11.2,23.9,86,56,32.0,43.1,1,Medium
11,0,0,Madurai,main,1,0,Clear,0.0,35.1,54,119,33.5,39.7,1,Medium
9,3,0,Madurai,secondary,0,0,Clear,0.0,28.7,56,141,12.2,78.3,2,Heavy
8,2,0,Ooty,main,1,1,Clear,0.0,25.3,57,294,8.3,100.0,2,Heavy
17,0,0,Erode,main,1,0,Clear,0.0,30.9,62,200,22.2,66.7,2,Heavy
7,6,1,Ooty,secondary,0,0,Clear,0.0,35.6,69,43,28.0,23.9,0,Low
8,4,0,Chennai,highway,2,0,Drizzle,0.1,30.3,85,416,18.3,92.5,3,Very Heavy
13,2,0,Chennai,main,1,0,Clouds,0.0,27.9,54,168,26.7,56.0,1,Medium
23,1,0,Coimbatore,main,1,0,Clouds,0.0,27.0,51,124,32.8,41.3,1,Medium
16,1,0,Trichy,secondary,0,0,Drizzle,1.3,35.3,81,82,21.6,46.1,1,Medium
8,6,1,Chennai,secondary,0,0,Clear,0.0,30.3,59,83,21.6,46.1,1,Medium
16,2,0,Thanjavur,main,1,0,Clear,0.0,35.0,71,99,36.2,33.0,1,Medium
5,5,1,Chennai,highway,2,0,Clear,0.0,32.8,51,73,69.2,16.2,0,Low
10,0,0,Tirunelveli,main,1,0,Clear,0.0,28.9,53,192,23.3,64.0,2,Heavy
16,1,0,Tuticorin,secondary,0,0,Rain,13.1,24.0,78,94,18.2,57.5,1,Medium
4,5,1,Tuticorin,highway,2,0,Clouds,0.0,32.2,49,37,74.5,8.2,0,Low
14,1,0,Vellore,highway,2,0,Clouds,0.0,33.6,61,161,56.1,35.8,1,Medium
13,5,1,Tirunelveli,main,1,1,Clouds,0.0,27.7,77,173,17.6,77.7,2,Heavy
4,4,0,Madurai,main,1,0,Clear,0.0,31.3,70,48,43.3,16.0,0,Low
12,4,0,Coimbatore,highway,2,0,Clear,0.0,26.0,62,246,43.5,54.7,2,Heavy
17,6,1,Trichy,secondary,0,0,Clear,0.0,28.2,61,106,17.8,58.9,1,Medium
7,1,0,Salem,secondary,0,0,Drizzle,0.1,35.4,79,15,32.5,8.4,0,Low
19,0,0,Madurai,main,1,0,Drizzle,2.1,23.0,78,245,15.6,82.5,2,Heavy
22,2,0,Ooty,secondary,0,0,Clear,0.0,32.1,53,44,27.9,24.4,0,Low
18,6,1,Chennai,secondary,0,0,Clouds,0.0,35.9,61,129,14.1,71.7,2,Heavy
17,5,1,Tuticorin,highway,2,0,Clear,0.0,30.4,80,157,56.7,34.9,1,Medium
15,6,1,Salem,highway,2,0,Clear,0.0,35.0,72,173,54.4,38.4,1,Medium
13,6,1,Vellore,highway,2,0,Clear,0.0,26.2,56,136,59.9,30.2,1,Medium
17,1,0,Madurai,main,1,1,Clear,0.0,31.3,70,418,8.3,100.0,3,Very Heavy
7,3,0,Chennai,secondary,0,0,Clear,0.0,33.7,47,20,31.8,11.1,0,Low
16,6,1,Madurai,secondary,0,0,Clouds,0.0,26.8,66,63,24.8,35.0,1,Medium
20,6,1,Vellore,secondary,0,0,Clear,0.0,28.7,48,76,22.7,42.2,1,Medium
19,0,0,Coimbatore,highway,2,0,Clear,0.0,35.1,71,379,23.9,84.2,3,Very Heavy
11,2,0,Trichy,main,1,0,Clear,0.0,28.7,69,126,32.5,42.0,1,Medium
23,1,0,Vellore,highway,2,0,Clear,0.0,35.2,52,98,65.5,21.8,0,Low
8,3,0,Chennai,secondary,0,0,Clouds,0.0,32.9,54,182,8.0,100.0,2,Heavy
19,2,0,Salem,main,1,0,Clouds,0.0,34.6,49,232,17.8,77.3,2,Heavy
10,3,0,Ooty,highway,2,0,Clear,0.0,30.3,49,280,38.5,62.2,2,Heavy
6,1,0,Salem,highway,2,0,Clear,0.0,35.7,72,68,69.9,15.1,0,Low
7,5,1,Ooty,main,1,0,Clear,0.0,31.4,79,21,47.1,7.0,0,Low
15,3,0,Erode,highway,2,0,Clouds,0.0,28.4,59,126,61.3,28.0,1,Medium
11,3,0,Trichy,highway,2,1,Clear,0.0,27.4,53,319,19.4,90.9,2,Heavy
8,1,0,Erode,highway,2,0,Clear,0.0,26.3,54,261,41.3,58.0,2,Heavy
17,5,1,Tirunelveli,highway,2,0,Clear,0.0,25.9,55,142,58.9,31.6,1,Medium
0,6,1,Trichy,highway,2,0,Clouds,0.0,33.0,53,49,72.7,10.9,0,Low
17,3,0,Vellore,main,1,1,Rain,9.5,30.0,76,334,8.3,100.0,2,Heavy
14,0,0,Tuticorin,highway,2,0,Clear,0.0,34.3,74,162,56.0,36.0,1,Medium
17,3,0,Thanjavur,main,1,0,Clouds,0.0,30.0,53,172,26.1,57.3,1,Medium
8,5,1,Trichy,main,1,0,Clear,0.0,32.5,74,155,28.5,51.7,1,Medium
5,2,0,Erode,highway,2,1,Rain,14.1,23.8,78,77,51.5,42.8,1,Medium
2,2,0,Tuticorin,main,1,0,Clouds,0.0,29.1,45,42,44.2,14.0,0,Low
20,1,0,Trichy,secondary,0,0,Clear,0.0,33.5,75,132,13.6,73.3,2,Heavy
18,3,0,Chennai,main,1,0,Clouds,0.0,33.0,67,283,10.7,94.3,2,Heavy
20,4,0,Tirunelveli,main,1,0,Clear,0.0,34.7,69,171,26.2,57.0,1,Medium
8,3,0,Salem,highway,2,0,Clouds,0.0,32.5,58,355,27.4,78.9,2,Heavy
14,5,1,Madurai,secondary,0,1,Clear,0.0,24.0,66,121,9.6,87.2,2,Heavy
19,3,0,Tirunelveli,secondary,0,0,Clouds,0.0,32.1,58,92,20.1,51.1,1,Medium
23,0,0,Tuticorin,secondary,0,0,Clear,0.0,30.5,50,34,29.5,18.9,0,Low
6,4,0,Salem,highway,2,0,Rain,12.7,32.8,89,68,66.5,20.2,0,Low
16,1,0,Salem,main,1,0,Clear,0.0,34.6,63,162,27.5,54.0,1,Medium
11,6,1,Madurai,main,1,0,Clear,0.0,30.0,77,162,27.5,54.0,1,Medium
22,0,0,Chennai,secondary,0,0,Clear,0.0,23.8,45,76,22.7,42.2,1,Medium
12,0,0,Madurai,secondary,0,0,Clear,0.0,32.4,67,84,21.4,46.7,1,Medium
8,0,0,Coimbatore,highway,2,0,Clear,0.0,36.0,49,409,19.4,90.9,3,Very Heavy
17,0,0,Trichy,secondary,0,1,Drizzle,3.0,31.6,90,208,8.0,100.0,2,Heavy
3,4,0,Tirunelveli,secondary,0,0,Clouds,0.0,28.1,72,15,32.6,8.3,0,Low
12,2,0,Chennai,secondary,0,0,Rain,14.9,23.7,87,132,11.9,79.3,2,Heavy
14,5,1,Vellore,main,1,0,Drizzle,3.2,33.8,88,136,30.6,46.6,1,Medium
8,3,0,Salem,highway,2,0,Clear,0.0,32.9,72,330,31.1,73.3,2,Heavy
18,4,0,Chennai,secondary,0,0,Clear,0.0,35.9,54,189,8.0,100.0,2,Heavy
8,3,0,Tirunelveli,highway,2,0,Drizzle,4.7,30.1,96,267,39.2,61.2,2,Heavy
21,6,1,Chennai,main,1,0,Clear,0.0,33.5,51,125,32.6,41.7,1,Medium
15,1,0,Erode,secondary,0,0,Rain,16.5,30.8,81,96,17.5,59.9,1,Medium
18,0,0,Chennai,main,1,0,Clear,0.0,35.0,76,303,8.3,100.0,2,Heavy
19,3,0,Tirunelveli,main,1,0,Clear,0.0,27.8,74,207,21.3,69.0,2,Heavy
12,2,0,Madurai,secondary,0,0,Clouds,0.0,29.4,51,61,25.1,33.9,1,Medium
1,3,0,Coimbatore,secondary,0,0,Clear,0.0,30.4,79,40,28.5,22.2,0,Low
9,3,0,Chennai,secondary,0,0,Clear,0.0,30.7,52,150,10.7,83.3,2,Heavy
12,6,1,Tirunelveli,main,1,0,Rain,12.6,29.3,86,137,28.9,50.7,1,Medium
19,2,0,Salem,main,1,0,Clear,0.0,40.0,60,225,18.8,75.0,2,Heavy
8,2,0,Chennai,highway,2,0,Clouds,0.0,35.9,55,393,21.8,87.3,3,Very Heavy
8,5,1,Thanjavur,main,1,1,Clear,0.0,32.4,72,215,11.8,91.7,2,Heavy
20,4,0,Madurai,main,1,0,Clear,0.0,32.3,53,273,12.1,91.0,2,Heavy
20,6,1,Erode,secondary,0,0,Clear,0.0,26.1,50,91,20.2,50.6,1,Medium
2,5,1,Tuticorin,highway,2,0,Rain,22.7,27.3,98,62,64.7,22.9,0,Low
18,1,0,Ooty,secondary,0,0,Clouds,0.0,33.3,79,133,13.4,73.9,2,Heavy
17,2,0,Erode,main,1,0,Clear,0.0,35.3,51,176,25.5,58.7,1,Medium
9,1,0,Coimbatore,highway,2,0,Clear,0.0,30.9,58,379,23.9,84.2,3,Very Heavy
13,5,1,Erode,highway,2,0,Clear,0.0,30.5,65,136,59.9,30.2,1,Medium
0,1,0,Madurai,main,1,0,Clouds,0.0,30.9,52,46,43.6,15.3,0,Low
15,1,0,Tuticorin,secondary,0,0,Rain,12.9,26.3,94,48,25.7,31.8,0,Low
18,1,0,Thanjavur,secondary,0,0,Rain,10.1,32.4,79,145,10.3,84.6,2,Heavy
9,1,0,Madurai,main,1,0,Clouds,0.0,31.0,74,255,14.6,85.0,2,Heavy
9,1,0,Erode,highway,2,0,Drizzle,1.2,23.8,87,284,37.6,63.6,2,Heavy
8,1,0,Tuticorin,main,1,0,Rain,5.5,29.0,94,218,18.8,74.9,2,Heavy
16,3,0,Tuticorin,highway,2,0,Clear,0.0,34.9,49,158,56.6,35.1,1,Medium
12,4,0,Salem,secondary,0,0,Drizzle,3.7,29.5,80,82,21.3,47.0,1,Medium
9,1,0,Madurai,main,1,0,Clear,0.0,28.5,52,268,12.8,89.3,2,Heavy
13,6,1,Tirunelveli,highway,2,0,Clear,0.0,31.1,58,143,58.8,31.8,1,Medium
6,5,1,Tuticorin,secondary,0,0,Clear,0.0,26.5,65,24,31.1,13.3,0,Low
23,3,0,Vellore,highway,2,0,Clear,0.0,26.2,69,94,66.1,20.9,0,Low
23,3,0,Ooty,secondary,0,0,Clouds,0.0,30.4,79,65,24.5,36.1,1,Medium
13,6,1,Chennai,highway,2,0,Clear,0.0,31.6,67,230,45.9,51.1,2,Heavy
5,2,0,Vellore,secondary,0,0,Clouds,0.0,30.5,52,15,32.6,8.3,0,Low
5,0,0,Chennai,highway,2,0,Clear,0.0,26.9,72,88,66.9,19.6,0,Low
23,5,1,Tirunelveli,secondary,0,0,Drizzle,3.4,35.5,76,28,30.1,16.9,0,Low
17,6,1,Salem,main,1,0,Clear,0.0,29.2,74,139,30.7,46.3,1,Medium
16,5,1,Tuticorin,main,1,0,Clouds,0.0,29.2,76,134,31.4,44.7,1,Medium
6,6,1,Vellore,highway,2,0,Clear,0.0,38.1,60,31,75.4,6.9,0,Low
22,0,0,Coimbatore,highway,2,0,Clear,0.0,27.0,69,172,54.5,38.2,1,Medium
14,2,0,Tuticorin,secondary,0,0,Rain,43.3,31.2,91,68,18.9,55.1,1,Medium
11,3,0,Trichy,main,1,0,Rain,6.0,25.2,77,151,28.0,52.7,1,Medium
21,4,0,Ooty,main,1,0,Clear,0.0,30.2,52,75,39.6,25.0,0,Low
13,4,0,Salem,highway,2,0,Clear,0.0,28.1,50,193,51.4,42.9,1,Medium
14,0,0,Thanjavur,main,1,0,Rain,26.7,33.3,87,155,24.0,62.3,2,Heavy
8,1,0,Trichy,main,1,0,Clear,0.0,23.4,72,238,17.0,79.3,2,Heavy
7,0,0,Coimbatore,highway,2,0,Clear,0.0,28.0,62,87,67.1,19.3,0,Low
11,1,0,Erode,main,1,0,Rain,12.0,24.4,81,118,31.6,44.1,1,Medium
9,4,0,Tirunelveli,secondary,0,1,Rain,19.0,36.8,97,255,8.0,100.0,2,Heavy
9,2,0,Salem,secondary,0,0,Rain,8.4,24.1,89,133,12.5,77.2,2,Heavy
12,0,0,Ooty,main,1,0,Clear,0.0,35.7,45,125,32.6,41.7,1,Medium
19,3,0,Chennai,main,1,0,Clouds,0.0,31.3,63,287,10.1,95.7,2,Heavy
7,6,1,Madurai,highway,2,0,Clear,0.0,26.9,79,53,72.1,11.8,0,Low
19,2,0,Vellore,highway,2,0,Clear,0.0,28.5,75,280,38.5,62.2,2,Heavy
8,3,0,Ooty,highway,2,0,Clear,0.0,33.4,46,261,41.3,58.0,2,Heavy
18,1,0,Tirunelveli,highway,2,0,Clouds,0.0,30.5,79,267,40.5,59.3,2,Heavy
20,2,0,Madurai,main,1,0,Clear,0.0,30.5,62,256,14.5,85.3,2,Heavy
7,6,1,Tirunelveli,secondary,0,0,Clear,0.0,26.1,63,36,29.2,20.0,0,Low
17,4,0,Madurai,main,1,0,Rain,10.3,33.2,90,278,9.7,96.8,2,Heavy
4,2,0,Chennai,main,1,1,Rain,8.1,25.8,88,67,31.0,45.6,1,Medium
7,2,0,Chennai,main,1,0,Clouds,0.0,27.4,50,71,40.1,23.7,0,Low
15,0,0,Trichy,main,1,1,Clouds,0.0,37.0,60,233,9.3,97.7,2,Heavy
20,2,0,Erode,highway,2,0,Drizzle,2.6,29.4,85,242,43.5,54.8,2,Heavy
9,3,0,Ooty,highway,2,0,Rain,15.4,35.3,93,353,23.6,84.6,3,Very Heavy
11,6,1,Thanjavur,highway,2,0,Clear,0.0,32.9,65,148,58.1,32.9,1,Medium
12,3,0,Vellore,main,1,1,Clear,0.0,27.4,71,175,17.4,78.3,2,Heavy
14,1,0,Trichy,secondary,0,0,Clouds,0.0,26.1,48,80,22.1,44.4,1,Medium
13,6,1,Ooty,highway,2,0,Drizzle,4.0,34.3,83,167,54.2,38.7,1,Medium
16,6,1,Coimbatore,main,1,0,Clear,0.0,36.4,48,183,24.6,61.0,2,Heavy
8,1,0,Chennai,secondary,0,0,Drizzle,0.3,32.4,96,152,10.3,84.6,2,Heavy
10,0,0,Salem,secondary,0,0,Rain,12.4,27.5,75,140,10.9,82.7,2,Heavy
9,0,0,Thanjavur,highway,2,0,Clouds,0.0,29.0,48,264,40.9,58.7,2,Heavy
19,4,0,Madurai,highway,2,0,Clear,0.0,37.0,52,317,33.1,70.4,2,Heavy
16,1,0,Madurai,secondary,0,0,Clear,0.0,32.7,75,92,20.1,51.1,1,Medium
17,3,0,Vellore,main,1,0,Clear,0.0,28.8,72,176,25.5,58.7,1,Medium
0,2,0,Tuticorin,main,1,1,Clear,0.0,35.1,73,34,37.0,31.3,0,Low
13,0,0,Vellore,secondary,0,0,Clear,0.0,33.1,58,62,25.0,34.4,1,Medium
8,1,0,Thanjavur,highway,2,0,Clear,0.0,38.4,53,253,42.5,56.2,2,Heavy
20,5,1,Erode,highway,2,0,Clear,0.0,35.3,56,186,52.5,41.3,1,Medium
9,5,1,Ooty,secondary,0,0,Clear,0.0,30.3,70,88,20.7,48.9,1,Medium
7,0,0,Madurai,highway,2,0,Clear,0.0,34.8,60,76,68.7,16.9,0,Low
20,0,0,Erode,main,1,0,Clear,0.0,26.0,49,209,21.0,69.7,2,Heavy
10,5,1,Chennai,highway,2,0,Clear,0.0,28.5,80,254,42.4,56.4,2,Heavy
9,5,1,Ooty,main,1,0,Clear,0.0,26.2,57,138,30.8,46.0,1,Medium
3,1,0,Coimbatore,highway,2,0,Clear,0.0,32.8,49,88,66.9,19.6,0,Low
14,6,1,Ooty,secondary,0,0,Clear,0.0,31.6,67,46,27.5,25.6,0,Low
12,3,0,Coimbatore,main,1,1,Clear,0.0,31.0,64,260,8.3,100.0,2,Heavy
10,1,0,Tuticorin,secondary,0,0,Clouds,0.0,31.7,49,101,18.6,56.1,1,Medium
15,6,1,Coimbatore,secondary,0,0,Clear,0.0,34.9,48,110,17.2,61.1,2,Heavy
16,0,0,Vellore,main,1,0,Clear,0.0,36.0,48,134,31.4,44.7,1,Medium
20,0,0,Tirunelveli,secondary,0,1,Clear,0.0,26.7,47,173,8.0,100.0,2,Heavy
16,0,0,Tuticorin,secondary,0,0,Clear,0.0,31.0,47,52,26.6,28.9,0,Low
12,2,0,Ooty,main,1,0,Drizzle,2.3,31.3,81,112,34.0,38.3,1,Medium
17,4,0,Ooty,secondary,0,0,Clear,0.0,30.3,53,91,20.2,50.6,1,Medium
7,4,0,Coimbatore,main,1,0,Clear,0.0,31.0,48,25,46.5,8.3,0,Low
18,6,1,Trichy,main,1,1,Clouds,0.0,26.8,60,231,9.6,97.0,2,Heavy
9,2,0,Vellore,highway,2,0,Rain,33.9,31.4,84,349,19.3,91.1,3,Very Heavy
7,0,0,Vellore,secondary,0,0,Clouds,0.0,34.6,67,21,31.6,11.7,0,Low
18,2,0,Salem,main,1,0,Rain,36.9,27.3,97,316,8.3,100.0,2,Heavy
20,5,1,Chennai,main,1,1,Rain,29.6,30.3,81,416,8.3,100.0,3,Very Heavy
17,1,0,Trichy,main,1,0,Clouds,0.0,33.0,47,264,13.3,88.0,2,Heavy
1,6,1,Vellore,highway,2,0,Clear,0.0,34.5,50,42,73.8,9.3,0,Low
19,3,0,Vellore,highway,2,0,Clear,0.0,32.6,72,236,45.1,52.4,2,Heavy
21,4,0,Thanjavur,main,1,0,Clouds,0.0,33.8,58,103,35.7,34.3,1,Medium
18,5,1,Erode,main,1,0,Clouds,0.0,35.4,63,125,32.6,41.7,1,Medium
17,6,1,Erode,secondary,0,0,Clear,0.0,26.2,60,85,21.2,47.2,1,Medium
23,6,1,Salem,highway,2,0,Clear,0.0,32.6,62,176,53.9,39.1,1,Medium
0,2,0,Ooty,secondary,0,1,Rain,5.5,29.8,83,36,22.7,42.2,1,Medium
12,3,0,Vellore,highway,2,0,Clear,0.0,31.8,58,131,60.6,29.1,1,Medium
15,0,0,Salem,secondary,0,0,Clouds,0.0,27.3,61,95,19.6,52.8,1,Medium
19,5,1,Madurai,highway,2,0,Drizzle,0.2,31.1,96,209,49.0,46.5,1,Medium
4,5,1,Tuticorin,main,1,0,Clear,0.0,34.4,61,29,46.0,9.7,0,Low
4,1,0,Thanjavur,secondary,0,1,Clear,0.0,32.2,77,39,22.8,41.7,1,Medium
12,5,1,Tirunelveli,secondary,0,0,Clear,0.0,30.1,68,79,22.2,43.9,1,Medium
21,2,0,Tirunelveli,main,1,0,Rain,31.6,30.3,79,96,31.4,44.6,1,Medium
8,2,0,Coimbatore,secondary,0,0,Clouds,0.0,29.8,67,180,8.0,100.0,2,Heavy
17,3,0,Chennai,secondary,0,0,Clear,0.0,31.0,59,183,8.0,100.0,2,Heavy
12,5,1,Thanjavur,secondary,0,0,Clear,0.0,31.2,75,58,25.6,32.2,1,Medium
19,2,0,Salem,highway,2,0,Clear,0.0,29.1,68,313,33.6,69.6,2,Heavy
17,3,0,Trichy,main,1,0,Clear,0.0,36.7,68,251,15.1,83.7,2,Heavy
15,6,1,Erode,highway,2,0,Clear,0.0,34.0,53,147,58.2,32.7,1,Medium
6,3,0,Tirunelveli,highway,2,0,Clouds,0.0,34.8,57,18,77.3,4.0,0,Low
12,6,1,Madurai,highway,2,0,Clouds,0.0,34.3,53,169,54.9,37.6,1,Medium
7,6,1,Madurai,highway,2,0,Clear,0.0,28.4,70,48,72.9,10.7,0,Low
20,2,0,Coimbatore,main,1,1,Clear,0.0,30.4,47,486,8.3,100.0,3,Very Heavy
13,6,1,Erode,secondary,0,0,Clouds,0.0,31.9,56,70,23.7,38.9,1,Medium
20,4,0,Coimbatore,highway,2,0,Clear,0.0,27.1,65,415,18.5,92.2,3,Very Heavy
9,3,0,Salem,highway,2,0,Clouds,0.0,34.7,77,326,31.7,72.4,2,Heavy
18,1,0,Erode,main,1,0,Clear,0.0,28.8,58,208,21.1,69.3,2,Heavy
10,1,0,Tirunelveli,highway,2,0,Clear,0.0,35.2,55,272,39.7,60.4,2,Heavy
17,1,0,Coimbatore,highway,2,0,Clear,0.0,35.0,55,412,18.9,91.6,3,Very Heavy
0,6,1,Thanjavur,highway,2,0,Clouds,0.0,31.2,72,47,73.1,10.4,0,Low
17,6,1,Salem,highway,2,0,Clouds,0.0,35.9,50,227,46.4,50.4,2,Heavy
22,6,1,Ooty,highway,2,0,Clear,0.0,29.4,65,122,61.9,27.1,1,Medium
14,6,1,Ooty,secondary,0,0,Clear,0.0,35.3,47,88,20.7,48.9,1,Medium
8,4,0,Thanjavur,main,1,0,Rain,6.7,28.0,95,213,19.3,73.7,2,Heavy
11,1,0,Madurai,secondary,0,0,Rain,40.8,28.9,80,101,13.9,72.4,2,Heavy
16,0,0,Madurai,highway,2,0,Clear,0.0,31.6,72,181,53.2,40.2,1,Medium
12,2,0,Madurai,highway,2,0,Rain,39.8,26.9,86,277,28.3,77.5,2,Heavy
19,2,0,Madurai,main,1,1,Clear,0.0,27.3,70,390,8.3,100.0,3,Very Heavy
7,6,1,Coimbatore,highway,2,0,Clear,0.0,35.1,72,62,70.8,13.8,0,Low
10,3,0,Ooty,highway,2,0,Clear,0.0,28.5,76,235,45.2,52.2,2,Heavy
14,6,1,Salem,main,1,0,Clear,0.0,34.1,65,146,29.7,48.7,1,Medium
20,2,0,Erode,main,1,0,Clear,0.0,30.1,47,205,21.5,68.3,2,Heavy
8,5,1,Madurai,secondary,0,0,Rain,23.0,26.2,92,137,10.1,85.3,2,Heavy
6,5,1,Chennai,main,1,0,Clear,0.0,34.0,48,37,44.9,12.3,0,Low
12,5,1,Madurai,secondary,0,0,Clear,0.0,31.5,66,70,23.7,38.9,1,Medium
19,6,1,Chennai,highway,2,0,Clear,0.0,29.0,47,240,44.5,53.3,2,Heavy
9,2,0,Ooty,secondary,0,0,Drizzle,4.2,24.0,87,130,13.4,73.9,2,Heavy
6,4,0,Salem,highway,2,0,Rain,5.8,28.9,75,72,67.8,18.3,0,Low
7,4,0,Tuticorin,highway,2,0,Clear,0.0,33.4,65,37,74.5,8.2,0,Low
8,2,0,Salem,main,1,0,Rain,22.9,24.8,77,336,8.3,100.0,2,Heavy
13,5,1,Thanjavur,main,1,0,Drizzle,4.6,33.3,90,111,33.8,38.8,1,Medium
7,1,0,Thanjavur,secondary,0,0,Drizzle,2.2,26.8,86,15,32.3,9.2,0,Low
10,6,1,Ooty,main,1,0,Rain,9.8,27.7,90,119,31.8,43.6,1,Medium
16,3,0,Madurai,main,1,0,Clouds,0.0,28.5,48,138,30.8,46.0,1,Medium
3,5,1,Tirunelveli,highway,2,1,Rain,33.0,25.1,75,81,45.9,51.2,1,Medium
15,2,0,Thanjavur,main,1,0,Clear,0.0,28.9,77,134,31.4,44.7,1,Medium
12,0,0,Coimbatore,highway,2,0,Clear,0.0,30.4,52,217,47.9,48.2,1,Medium
14,5,1,Chennai,main,1,0,Clear,0.0,29.0,71,178,25.3,59.3,1,Medium
20,5,1,Salem,secondary,0,0,Clear,0.0,35.8,55,74,23.0,41.1,1,Medium
11,4,0,Tuticorin,secondary,0,0,Clear,0.0,37.9,53,68,24.0,37.8,1,Medium
12,1,0,Chennai,main,1,0,Rain,14.3,27.9,97,221,16.9,79.4,2,Heavy
13,0,0,Coimbatore,secondary,0,1,Clear,0.0,32.4,55,145,8.0,100.0,2,Heavy
0,1,0,Tirunelveli,secondary,0,0,Clear,0.0,38.4,64,15,32.6,8.3,0,Low
16,1,0,Thanjavur,secondary,0,0,Clear,0.0,31.6,62,46,27.5,25.6,0,Low
16,3,0,Thanjavur,secondary,0,0,Clouds,0.0,38.1,62,77,22.5,42.8,1,Medium
8,0,0,Ooty,main,1,0,Clear,0.0,30.8,54,169,26.5,56.3,1,Medium
20,0,0,Tirunelveli,highway,2,0,Clear,0.0,31.0,75,241,44.3,53.6,2,Heavy
11,6,1,Trichy,secondary,0,0,Clear,0.0,26.8,78,93,19.9,51.7,1,Medium
21,6,1,Trichy,highway,2,0,Clear,0.0,38.7,73,169,54.9,37.6,1,Medium
20,5,1,Coimbatore,secondary,0,1,Clouds,0.0,33.8,74,170,8.0,100.0,2,Heavy
15,1,0,Trichy,secondary,0,0,Clear,0.0,29.6,45,67,24.1,37.2,1,Medium
10,0,0,Chennai,secondary,0,0,Rain,10.1,30.4,83,185,8.0,100.0,2,Heavy
12,5,1,Ooty,main,1,0,Drizzle,1.2,29.6,93,133,31.3,44.8,1,Medium
16,3,0,Vellore,secondary,0,0,Clouds,0.0,26.4,79,39,28.7,21.7,0,Low
8,5,1,Tuticorin,secondary,0,0,Rain,11.5,26.6,78,92,18.8,55.7,1,Medium
7,4,0,Chennai,main,1,0,Clear,0.0,37.4,46,45,43.8,15.0,0,Low
17,2,0,Madurai,secondary,0,0,Clear,0.0,34.3,48,145,11.5,80.6,2,Heavy
9,1,0,Madurai,secondary,0,0,Clear,0.0,32.4,77,113,16.7,62.8,2,Heavy
15,0,0,Salem,main,1,0,Clear,0.0,40.1,74,130,32.0,43.3,1,Medium
10,5,1,Coimbatore,highway,2,0,Rain,55.3,29.7,95,320,17.9,93.2,2,Heavy
19,5,1,Trichy,main,1,0,Drizzle,1.8,29.8,76,148,29.1,50.1,1,Medium
7,2,0,Madurai,main,1,0,Clear,0.0,28.9,57,60,41.7,20.0,0,Low
6,2,0,Vellore,main,1,0,Clouds,0.0,28.5,73,17,47.6,5.7,0,Low
11,4,0,Chennai,secondary,0,0,Rain,8.8,29.5,95,137,11.8,79.6,2,Heavy
10,4,0,Salem,highway,2,0,Clouds,0.0,28.6,77,335,30.4,74.4,2,Heavy
20,4,0,Salem,highway,2,1,Rain,25.2,26.7,79,710,13.3,100.0,3,Very Heavy
11,4,0,Tirunelveli,secondary,0,0,Clear,0.0,30.8,45,59,25.4,32.8,1,Medium
8,2,0,Ooty,highway,2,0,Rain,16.2,34.8,75,363,21.9,87.1,3,Very Heavy
15,3,0,Vellore,secondary,0,0,Rain,14.3,26.0,98,68,22.3,43.5,1,Medium
12,0,0,Vellore,secondary,0,0,Clear,0.0,33.7,51,74,23.0,41.1,1,Medium
2,4,0,Erode,secondary,0,0,Clear,0.0,35.7,78,41,28.4,22.8,0,Low
17,6,1,Madurai,highway,2,0,Clear,0.0,27.7,67,181,53.2,40.2,1,Medium
8,1,0,Ooty,highway,2,0,Rain,14.5,34.8,81,319,28.9,76.7,2,Heavy
17,6,1,Trichy,highway,2,0,Clear,0.0,34.3,75,194,51.3,43.1,1,Medium
11,3,0,Vellore,secondary,0,0,Rain,5.3,25.5,79,55,25.5,32.7,1,Medium
20,6,1,Erode,main,1,0,Clear,0.0,26.9,79,143,30.1,47.7,1,Medium
8,4,0,Tuticorin,highway,2,0,Clouds,0.0,32.1,77,282,38.2,62.7,2,Heavy
16,1,0,Erode,highway,2,1,Clear,0.0,32.5,50,243,30.7,74.0,2,Heavy
10,5,1,Madurai,main,1,0,Clear,0.0,32.8,56,136,31.1,45.3,1,Medium
10,5,1,Vellore,highway,2,0,Clear,0.0,27.3,45,169,54.9,37.6,1,Medium
13,3,0,Erode,secondary,0,1,Drizzle,4.2,25.4,76,91,13.9,72.2,2,Heavy
16,6,1,Ooty,highway,2,0,Clouds,0.0,35.7,66,133,60.3,29.6,1,Medium
14,3,0,Madurai,main,1,0,Rain,19.9,27.7,97,182,21.4,68.6,2,Heavy
17,3,0,Thanjavur,secondary,0,0,Rain,19.9,30.6,90,123,12.7,76.3,2,Heavy
11,3,0,Tuticorin,secondary,0,0,Clear,0.0,33.2,79,64,24.6,35.6,1,Medium
10,5,1,Chennai,main,1,1,Rain,24.2,26.4,98,430,8.3,100.0,3,Very Heavy
8,4,0,Erode,highway,2,0,Clouds,0.0,29.5,72,263,41.1,58.4,2,Heavy
20,6,1,Tuticorin,highway,2,0,Clear,0.0,23.3,49,175,54.1,38.9,1,Medium
11,5,1,Ooty,highway,2,0,Clear,0.0,27.8,72,173,54.4,38.4,1,Medium
16,0,0,Salem,secondary,0,0,Clear,0.0,31.4,64,105,18.0,58.3,1,Medium
18,2,0,Trichy,secondary,0,1,Rain,29.3,25.2,88,317,8.0,100.0,2,Heavy
14,0,0,Madurai,main,1,0,Clear,0.0,24.7,62,169,26.5,56.3,1,Medium
7,2,0,Erode,secondary,0,0,Clear,0.0,26.2,51,15,32.6,8.3,0,Low
16,5,1,Trichy,highway,2,0,Clear,0.0,26.8,66,203,49.9,45.1,1,Medium
10,2,0,Chennai,main,1,0,Clear,0.0,27.7,58,301,8.3,100.0,2,Heavy
3,6,1,Salem,main,1,0,Clear,0.0,29.0,67,49,43.2,16.3,0,Low
9,2,0,Tirunelveli,main,1,0,Clear,0.0,31.6,55,195,22.9,65.0,2,Heavy
15,3,0,Chennai,main,1,0,Rain,8.6,35.5,94,184,23.0,64.8,2,Heavy
8,0,0,Coimbatore,main,1,0,Rain,8.4,30.8,98,357,8.3,100.0,3,Very Heavy
18,3,0,Erode,main,1,0,Rain,19.2,28.3,78,280,8.3,100.0,2,Heavy
10,4,0,Ooty,secondary,0,0,Clear,0.0,35.2,74,93,19.9,51.7,1,Medium
9,4,0,Madurai,main,1,0,Rain,12.6,34.2,78,301,8.3,100.0,2,Heavy
12,5,1,Erode,main,1,1,Clouds,0.0,32.0,77,202,13.6,87.3,2,Heavy
10,1,0,Erode,highway,2,0,Clear,0.0,32.0,68,284,37.9,63.1,2,Heavy
15,6,1,Ooty,main,1,0,Clear,0.0,35.4,60,100,36.1,33.3,1,Medium
9,0,0,Tirunelveli,highway,2,0,Clouds,0.0,34.0,73,263,41.1,58.4,2,Heavy
7,4,0,Thanjavur,secondary,0,0,Rain,14.5,37.9,89,15,30.9,14.1,0,Low
3,5,1,Chennai,secondary,0,0,Clear,0.0,30.2,69,19,31.9,10.6,0,Low
17,4,0,Thanjavur,highway,2,0,Rain,19.1,23.5,98,349,23.2,85.2,3,Very Heavy
12,4,0,Chennai,main,1,1,Rain,26.5,23.8,78,372,8.3,100.0,3,Very Heavy
17,2,0,Tuticorin,highway,2,0,Clear,0.0,27.0,75,275,39.3,61.1,2,Heavy
20,3,0,Coimbatore,main,1,0,Clear,0.0,30.5,73,293,9.3,97.7,2,Heavy
16,6,1,Tuticorin,main,1,0,Drizzle,4.9,31.6,86,133,30.7,46.3,1,Medium
21,1,0,Salem,main,1,1,Rain,5.7,26.5,97,202,12.7,89.6,2,Heavy
18,1,0,Madurai,secondary,0,0,Clear,0.0,28.1,59,132,13.6,73.3,2,Heavy
0,2,0,Madurai,secondary,0,0,Clear,0.0,30.2,70,20,31.8,11.1,0,Low
15,4,0,Ooty,highway,2,0,Clear,0.0,39.6,76,156,56.9,34.7,1,Medium
20,0,0,Madurai,main,1,0,Drizzle,1.2,24.2,82,261,13.5,87.5,2,Heavy
8,3,0,Coimbatore,secondary,0,0,Clouds,0.0,33.4,78,166,8.1,92.2,2,Heavy
12,0,0,Ooty,highway,2,1,Clouds,0.0,35.9,79,221,33.9,69.1,2,Heavy
15,1,0,Chennai,main,1,0,Clear,0.0,33.2,60,162,27.5,54.0,1,Medium
9,2,0,Chennai,secondary,0,0,Clouds,0.0,27.3,49,162,8.8,90.0,2,Heavy
9,4,0,Chennai,highway,2,1,Clouds,0.0,23.4,79,670,13.3,100.0,3,Very Heavy
8,0,0,Ooty,highway,2,0,Rain,10.4,28.1,93,304,32.2,71.7,2,Heavy
0,3,0,Salem,secondary,0,0,Clear,0.0,32.3,57,46,27.5,25.6,0,Low
9,3,0,Vellore,highway,2,0,Drizzle,0.4,26.9,91,252,42.5,56.2,2,Heavy
9,4,0,Ooty,main,1,0,Clear,0.0,27.1,64,217,19.9,72.3,2,Heavy
0,4,0,Madurai,main,1,0,Rain,7.5,32.7,88,28,44.9,12.3,0,Low
16,4,0,Vellore,main,1,0,Clear,0.0,29.1,58,137,31.0,45.7,1,Medium
7,2,0,Thanjavur,main,1,0,Rain,9.4,24.5,80,37,43.3,16.1,0,Low
16,1,0,Madurai,highway,2,0,Clouds,0.0,33.0,71,184,52.7,40.9,1,Medium
11,2,0,Vellore,main,1,0,Clear,0.0,36.2,73,136,31.1,45.3,1,Medium
18,3,0,Erode,highway,2,1,Clouds,0.0,33.7,53,390,13.3,100.0,3,Very Heavy
17,2,0,Trichy,highway,2,0,Clear,0.0,36.2,69,318,32.9,70.7,2,Heavy
14,6,1,Trichy,secondary,0,1,Drizzle,4.1,35.3,98,149,8.0,100.0,2,Heavy
21,0,0,Tuticorin,main,1,0,Clear,0.0,30.9,76,101,36.0,33.7,1,Medium
7,5,1,Erode,highway,2,0,Clear,0.0,31.5,63,65,70.4,14.4,0,Low
22,5,1,Coimbatore,main,1,0,Clear,0.0,31.6,64,141,30.4,47.0,1,Medium
15,6,1,Trichy,main,1,0,Clear,0.0,29.2,46,169,26.5,56.3,1,Medium
20,3,0,Tirunelveli,main,1,0,Clear,0.0,24.6,74,214,20.3,71.3,2,Heavy
16,0,0,Salem,main,1,0,Clouds,0.0,34.3,76,122,33.0,40.7,1,Medium
1,3,0,Thanjavur,main,1,0,Clear,0.0,31.7,79,47,43.5,15.7,0,Low
6,0,0,Coimbatore,secondary,0,0,Clouds,0.0,26.9,77,32,29.8,17.8,0,Low
23,6,1,Tuticorin,secondary,0,0,Clear,0.0,34.8,74,71,23.5,39.4,1,Medium
10,1,0,Madurai,secondary,0,0,Clouds,0.0,26.2,72,131,13.8,72.8,2,Heavy
19,0,0,Chennai,secondary,0,0,Clear,0.0,33.7,59,177,8.0,98.3,2,Heavy
17,6,1,Vellore,secondary,0,0,Clear,0.0,24.2,54,61,25.1,33.9,1,Medium
2,4,0,Madurai,highway,2,0,Clear,0.0,29.2,49,44,73.5,9.8,0,Low
8,1,0,Ooty,highway,2,0,Clear,0.0,34.8,67,262,41.2,58.2,2,Heavy
2,6,1,Coimbatore,main,1,0,Rain,10.7,26.5,89,44,42.1,18.9,0,Low
16,0,0,Trichy,main,1,0,Clear,0.0,33.6,78,126,32.5,42.0,1,Medium
16,5,1,Vellore,secondary,0,0,Clear,0.0,32.8,77,45,27.7,25.0,0,Low
0,6,1,Vellore,highway,2,0,Drizzle,0.4,35.5,86,22,76.7,5.0,0,Low
10,5,1,Erode,secondary,0,0,Clear,0.0,35.6,75,88,20.7,48.9,1,Medium
4,6,1,Ooty,main,1,0,Drizzle,0.5,27.4,79,37,44.8,12.5,0,Low
16,1,0,Chennai,highway,2,0,Clear,0.0,24.4,55,243,44.0,54.0,2,Heavy
18,5,1,Madurai,secondary,0,0,Rain,20.8,26.3,80,104,15.7,66.1,2,Heavy
16,6,1,Salem,main,1,0,Clear,0.0,35.2,66,166,27.0,55.3,1,Medium
4,3,0,Madurai,main,1,0,Rain,5.4,25.8,75,36,44.1,14.2,0,Low
23,0,0,Coimbatore,main,1,0,Clear,0.0,34.6,79,153,28.7,51.0,1,Medium
13,2,0,Chennai,main,1,0,Clear,0.0,33.5,51,187,24.0,62.3,2,Heavy
8,1,0,Trichy,highway,2,0,Clear,0.0,32.2,70,321,32.5,71.3,2,Heavy
8,5,1,Trichy,main,1,0,Clear,0.0,40.9,78,147,29.6,49.0,1,Medium
12,5,1,Madurai,main,1,0,Clear,0.0,33.9,69,130,32.0,43.3,1,Medium
16,6,1,Chennai,highway,2,0,Drizzle,1.6,30.8,90,232,45.2,52.2,2,Heavy
19,4,0,Trichy,secondary,0,0,Clear,0.0,27.2,61,130,13.9,72.2,2,Heavy
20,2,0,Ooty,secondary,0,0,Clear,0.0,27.0,80,104,18.1,57.8,1,Medium
6,2,0,Thanjavur,main,1,1,Clear,0.0,30.6,51,33,37.1,31.0,0,Low
17,1,0,Coimbatore,secondary,0,0,Clouds,0.0,40.7,50,154,10.0,85.6,2,Heavy
8,6,1,Erode,secondary,0,0,Rain,8.9,25.8,98,90,19.4,53.6,1,Medium
19,4,0,Madurai,secondary,0,0,Clear,0.0,27.6,78,156,9.7,86.7,2,Heavy
16,4,0,Madurai,secondary,0,0,Clouds,0.0,32.1,79,67,24.1,37.2,1,Medium
21,3,0,Salem,highway,2,0,Clear,0.0,31.5,75,145,58.5,32.2,1,Medium
9,4,0,Chennai,highway,2,0,Clear,0.0,26.3,49,387,22.7,86.0,3,Very Heavy
18,6,1,Vellore,highway,2,0,Clear,0.0,28.5,70,159,56.5,35.3,1,Medium
22,2,0,Coimbatore,highway,2,0,Clear,0.0,27.4,54,176,53.9,39.1,1,Medium
16,4,0,Tirunelveli,highway,2,0,Clear,0.0,34.8,75,133,60.3,29.6,1,Medium
16,1,0,Thanjavur,secondary,0,0,Clouds,0.0,26.4,62,54,26.2,30.0,0,Low
13,4,0,Coimbatore,secondary,0,0,Clear,0.0,27.0,63,119,15.7,66.1,2,Heavy
19,1,0,Tuticorin,secondary,0,1,Clear,0.0,28.1,72,196,8.0,100.0,2,Heavy
17,2,0,Salem,secondary,0,0,Clouds,0.0,23.7,61,119,15.7,66.1,2,Heavy
15,1,0,Vellore,highway,2,1,Clouds,0.0,29.6,51,247,30.1,74.9,2,Heavy
19,3,0,Thanjavur,secondary,0,0,Clear,0.0,27.7,47,133,13.4,73.9,2,Heavy
15,0,0,Ooty,highway,2,0,Clouds,0.0,33.2,71,128,61.1,28.4,1,Medium
18,6,1,Tirunelveli,secondary,0,0,Rain,17.6,34.1,87,106,15.8,65.9,2,Heavy
20,1,0,Erode,secondary,0,1,Clear,0.0,26.3,51,148,8.0,100.0,2,Heavy
11,5,1,Vellore,main,1,0,Drizzle,2.9,38.6,89,108,34.5,37.2,1,Medium
23,2,0,Vellore,secondary,0,0,Clouds,0.0,33.5,65,73,23.2,40.6,1,Medium
19,2,0,Madurai,main,1,0,Clear,0.0,33.4,59,269,12.6,89.7,2,Heavy
12,4,0,Coimbatore,secondary,0,0,Clouds,0.0,30.9,61,94,19.8,52.2,1,Medium
18,1,0,Vellore,main,1,0,Clouds,0.0,36.2,77,217,19.9,72.3,2,Heavy
8,4,0,Thanjavur,secondary,0,0,Rain,11.7,30.3,94,141,10.8,83.0,2,Heavy
7,2,0,Erode,main,1,0,Clouds,0.0,33.4,51,25,46.5,8.3,0,Low
22,2,0,Tuticorin,secondary,0,0,Clear,0.0,28.7,54,55,26.1,30.6,0,Low
22,1,0,Trichy,secondary,0,0,Clear,0.0,35.6,45,77,22.5,42.8,1,Medium
12,4,0,Vellore,main,1,0,Clear,0.0,30.1,70,112,34.5,37.3,1,Medium
18,2,0,Salem,secondary,0,0,Clear,0.0,33.9,60,157,9.6,87.2,2,Heavy
19,5,1,Madurai,main,1,0,Drizzle,1.1,33.1,91,164,27.0,55.1,1,Medium
18,4,0,Tirunelveli,highway,2,0,Clouds,0.0,28.2,80,251,42.8,55.8,2,Heavy
13,3,0,Tuticorin,highway,2,0,Clear,0.0,30.5,55,167,55.3,37.1,1,Medium
13,5,1,Chennai,main,1,0,Drizzle,0.6,28.8,98,167,26.7,55.9,1,Medium
16,3,0,Chennai,secondary,0,0,Clear,0.0,25.5,58,117,16.0,65.0,2,Heavy
10,4,0,Ooty,main,1,0,Clouds,0.0,35.7,65,172,26.1,57.3,1,Medium
7,0,0,Tirunelveli,secondary,0,0,Clear,0.0,27.8,57,41,28.4,22.8,0,Low
2,3,0,Madurai,highway,2,0,Rain,9.1,27.6,87,81,65.6,21.6,0,Low
11,3,0,Erode,main,1,0,Rain,9.3,27.8,86,132,30.1,47.7,1,Medium
6,2,0,Salem,main,1,0,Clear,0.0,33.5,50,49,43.2,16.3,0,Low
19,0,0,Salem,highway,2,0,Rain,12.2,35.6,75,388,19.3,91.1,3,Very Heavy
10,2,0,Chennai,highway,2,0,Clouds,0.0,27.9,49,417,18.2,92.7,3,Very Heavy
15,2,0,Vellore,highway,2,0,Clear,0.0,34.9,68,171,54.7,38.0,1,Medium
8,6,1,Madurai,secondary,0,0,Clouds,0.0,29.1,52,79,22.2,43.9,1,Medium
17,4,0,Coimbatore,main,1,0,Clouds,0.0,35.2,54,306,8.3,100.0,2,Heavy
19,6,1,Ooty,secondary,0,0,Rain,15.5,29.7,82,81,20.1,51.2,1,Medium
18,0,0,Vellore,highway,2,0,Clouds,0.0,31.0,51,275,39.3,61.1,2,Heavy
15,5,1,Tirunelveli,secondary,0,0,Clear,0.0,27.4,57,86,21.1,47.8,1,Medium
21,3,0,Trichy,main,1,0,Clear,0.0,31.6,76,127,32.4,42.3,1,Medium
14,6,1,Erode,main,1,0,Rain,44.7,32.1,76,133,24.1,62.2,2,Heavy
18,4,0,Salem,secondary,0,0,Clear,0.0,35.7,79,137,12.8,76.1,2,Heavy
22,0,0,Trichy,main,1,0,Clear,0.0,28.4,56,90,37.5,30.0,0,Low
13,1,0,Trichy,highway,2,0,Clear,0.0,32.4,76,168,55.1,37.3,1,Medium
8,5,1,Chennai,main,1,1,Clouds,0.0,35.9,66,291,8.3,100.0,2,Heavy
4,1,0,Tirunelveli,main,1,0,Rain,8.7,28.4,88,57,40.6,22.5,0,Low
8,5,1,Ooty,main,1,0,Drizzle,4.7,26.0,88,108,34.2,37.9,1,Medium
16,5,1,Vellore,main,1,1,Clear,0.0,24.8,53,196,14.5,85.3,2,Heavy
8,6,1,Coimbatore,highway,2,0,Clouds,0.0,33.2,61,270,40.0,60.0,2,Heavy
15,2,0,Erode,main,1,0,Rain,19.0,30.6,81,163,24.2,61.9,2,Heavy
7,0,0,Vellore,highway,2,0,Clear,0.0,33.6,69,22,76.7,4.9,0,Low
16,3,0,Trichy,main,1,0,Clouds,0.0,24.5,77,132,31.7,44.0,1,Medium
15,1,0,Tirunelveli,highway,2,0,Clear,0.0,39.9,67,129,60.9,28.7,1,Medium
8,2,0,Erode,main,1,0,Clear,0.0,30.4,66,197,22.6,65.7,2,Heavy
16,2,0,Coimbatore,highway,2,0,Clear,0.0,26.7,48,243,44.0,54.0,2,Heavy
16,1,0,Thanjavur,highway,2,0,Drizzle,3.8,28.5,78,126,60.3,29.5,1,Medium
15,6,1,Erode,highway,2,0,Clear,0.0,26.7,47,167,55.3,37.1,1,Medium
16,2,0,Vellore,secondary,0,1,Rain,6.9,24.9,98,121,8.8,90.0,2,Heavy
10,5,1,Tuticorin,main,1,0,Clouds,0.0,28.2,79,114,34.2,38.0,1,Medium
8,3,0,Ooty,secondary,0,0,Drizzle,1.0,31.6,84,112,16.7,62.6,2,Heavy
19,6,1,Erode,secondary,0,0,Clouds,0.0,30.2,58,68,24.0,37.8,1,Medium
13,3,0,Vellore,secondary,0,0,Clouds,0.0,28.1,53,51,26.7,28.3,0,Low
8,6,1,Trichy,secondary,0,0,Drizzle,0.3,27.4,89,109,17.3,60.7,2,Heavy
16,1,0,Erode,main,1,0,Clear,0.0,34.3,73,137,31.0,45.7,1,Medium
5,1,0,Tuticorin,main,1,0,Clear,0.0,40.4,78,15,47.9,5.0,0,Low
15,1,0,Trichy,main,1,0,Clear,0.0,38.8,70,128,32.2,42.7,1,Medium
13,6,1,Erode,main,1,0,Clouds,0.0,30.0,78,131,31.8,43.7,1,Medium
6,0,0,Coimbatore,highway,2,0,Clear,0.0,27.5,67,55,71.9,12.2,0,Low
11,2,0,Salem,highway,2,0,Rain,39.4,25.3,80,241,33.8,69.3,2,Heavy
20,1,0,Thanjavur,highway,2,0,Clear,0.0,31.5,71,264,40.9,58.7,2,Heavy
19,1,0,Salem,secondary,0,0,Clouds,0.0,27.4,51,137,12.8,76.1,2,Heavy
13,6,1,Vellore,main,1,0,Clear,0.0,27.8,73,89,37.6,29.7,0,Low
15,2,0,Vellore,secondary,0,1,Rain,21.7,32.8,84,120,8.0,95.3,2,Heavy
8,5,1,Coimbatore,secondary,0,0,Clear,0.0,40.8,50,111,17.0,61.7,2,Heavy
20,3,0,Chennai,secondary,0,0,Clouds,0.0,35.0,62,144,11.7,80.0,2,Heavy
20,0,0,Vellore,main,1,0,Rain,14.3,25.7,88,215,17.8,77.4,2,Heavy
17,2,0,Ooty,main,1,0,Clouds,0.0,26.2,45,193,23.2,64.3,2,Heavy
11,0,0,Trichy,main,1,0,Rain,6.3,29.4,86,191,22.4,66.2,2,Heavy
17,1,0,Erode,main,1,0,Drizzle,2.3,32.9,84,197,22.3,66.6,2,Heavy
18,2,0,Ooty,highway,2,1,Drizzle,2.0,28.4,78,400,13.3,100.0,3,Very Heavy
8,6,1,Tirunelveli,highway,2,0,Drizzle,3.5,26.1,98,158,55.7,36.5,1,Medium
8,5,1,Tuticorin,highway,2,0,Clear,0.0,26.6,51,145,58.5,32.2,1,Medium
20,1,0,Trichy,secondary,0,0,Rain,9.6,28.3,96,136,11.8,79.4,2,Heavy
10,4,0,Coimbatore,main,1,0,Clear,0.0,27.9,76,295,9.0,98.3,2,Heavy
19,0,0,Ooty,secondary,0,0,Rain,15.0,28.6,81,133,11.7,79.9,2,Heavy
17,5,1,Tuticorin,highway,2,0,Clear,0.0,32.4,59,174,54.2,38.7,1,Medium
12,5,1,Salem,secondary,0,0,Clear,0.0,37.2,60,98,19.1,54.4,1,Medium
18,0,0,Salem,main,1,0,Clear,0.0,34.2,48,228,18.3,76.0,2,Heavy
13,5,1,Ooty,secondary,0,0,Clear,0.0,27.8,68,42,28.2,23.3,0,Low
17,2,0,Tuticorin,main,1,0,Clear,0.0,30.9,76,203,21.8,67.7,2,Heavy
15,0,0,Trichy,highway,2,0,Clouds,0.0,29.8,65,193,51.4,42.9,1,Medium
13,1,0,Vellore,main,1,0,Clouds,0.0,26.1,53,128,32.2,42.7,1,Medium
11,3,0,Madurai,main,1,0,Clear,0.0,26.1,58,128,32.2,42.7,1,Medium
8,3,0,Salem,main,1,0,Clear,0.0,27.9,80,261,13.8,87.0,2,Heavy
12,6,1,Vellore,main,1,0,Rain,13.0,26.7,78,125,30.5,46.9,1,Medium
9,1,0,Vellore,secondary,0,0,Clouds,0.0,32.3,45,104,18.1,57.8,1,Medium
17,3,0,Ooty,main,1,0,Clouds,0.0,29.5,66,177,25.4,59.0,1,Medium
22,0,0,Tirunelveli,secondary,0,1,Clear,0.0,29.3,60,68,18.1,57.8,1,Medium
20,3,0,Tirunelveli,secondary,0,0,Clouds,0.0,40.6,57,133,13.4,73.9,2,Heavy
22,1,0,Ooty,secondary,0,0,Clear,0.0,26.8,60,25,30.9,13.9,0,Low
19,3,0,Tirunelveli,secondary,0,0,Clear,0.0,34.9,74,129,14.1,71.7,2,Heavy
13,6,1,Salem,highway,2,0,Clouds,0.0,26.6,68,183,52.9,40.7,1,Medium
0,2,0,Trichy,secondary,0,1,Clouds,0.0,26.9,62,31,24.1,37.2,1,Medium
8,6,1,Tuticorin,secondary,0,0,Clear,0.0,23.5,52,54,26.2,30.0,0,Low
9,6,1,Thanjavur,secondary,0,0,Clear,0.0,27.4,64,43,28.0,23.9,0,Low
16,3,0,Chennai,secondary,0,0,Clear,0.0,29.8,54,83,21.6,46.1,1,Medium
18,0,0,Tuticorin,main,1,0,Clear,0.0,36.5,74,189,23.8,63.0,2,Heavy
5,2,0,Chennai,highway,2,0,Clear,0.0,32.3,69,83,67.7,18.4,0,Low
8,4,0,Tirunelveli,main,1,1,Clouds,0.0,26.6,47,331,8.3,100.0,2,Heavy
6,0,0,Madurai,main,1,0,Clear,0.0,29.6,60,38,44.7,12.7,0,Low
12,6,1,Tirunelveli,highway,2,0,Drizzle,3.9,32.4,88,151,56.6,35.1,1,Medium
19,6,1,Madurai,secondary,0,0,Clear,0.0,26.6,61,104,18.1,57.8,1,Medium
5,6,1,Thanjavur,highway,2,0,Rain,37.2,30.6,82,41,64.0,24.0,0,Low
10,6,1,Thanjavur,main,1,1,Rain,16.1,29.1,91,268,8.3,100.0,2,Heavy
17,3,0,Chennai,secondary,0,1,Clear,0.0,30.9,58,265,8.0,100.0,2,Heavy
19,4,0,Coimbatore,secondary,0,0,Clear,0.0,29.7,63,167,8.0,92.8,2,Heavy
18,2,0,Madurai,highway,2,0,Clear,0.0,35.0,52,334,30.5,74.2,2,Heavy
17,6,1,Tuticorin,secondary,0,0,Rain,9.7,33.4,78,65,23.3,40.0,1,Medium
17,2,0,Trichy,secondary,0,0,Clear,0.0,23.4,64,153,10.2,85.0,2,Heavy
20,6,1,Trichy,secondary,0,0,Clouds,0.0,39.5,58,74,23.0,41.1,1,Medium
11,2,0,Vellore,secondary,0,0,Clear,0.0,32.0,76,88,20.7,48.9,1,Medium
6,0,0,Ooty,highway,2,1,Rain,11.4,35.5,75,54,55.6,36.6,1,Medium
11,4,0,Salem,main,1,1,Clouds,0.0,33.4,57,229,9.9,96.3,2,Heavy
12,0,0,Coimbatore,main,1,1,Rain,6.5,32.9,79,312,8.3,100.0,2,Heavy
18,5,1,Coimbatore,secondary,0,1,Clear,0.0,28.3,52,180,8.0,100.0,2,Heavy
9,5,1,Thanjavur,main,1,1,Drizzle,3.4,24.2,97,173,17.1,79.0,2,Heavy
11,0,0,Erode,secondary,0,0,Clear,0.0,26.4,45,42,28.2,23.3,0,Low
9,3,0,Salem,secondary,0,0,Clear,0.0,30.5,57,113,16.7,62.8,2,Heavy
19,6,1,Ooty,highway,2,0,Clouds,0.0,33.4,59,155,57.1,34.4,1,Medium
16,3,0,Tirunelveli,highway,2,0,Clouds,0.0,31.4,68,146,58.4,32.4,1,Medium
12,4,0,Ooty,main,1,0,Clear,0.0,32.7,63,119,33.5,39.7,1,Medium
12,3,0,Ooty,secondary,0,0,Rain,5.3,32.5,86,75,22.2,43.8,1,Medium
8,0,0,Thanjavur,secondary,0,0,Clear,0.0,35.9,54,130,13.9,72.2,2,Heavy
7,6,1,Madurai,secondary,0,0,Rain,17.0,34.8,88,38,26.9,27.9,0,Low
14,4,0,Thanjavur,highway,2,0,Clouds,0.0,32.8,55,176,53.9,39.1,1,Medium
7,5,1,Tirunelveli,main,1,0,Clear,0.0,33.9,70,33,45.4,11.0,0,Low
16,3,0,Coimbatore,highway,2,0,Clouds,0.0,35.7,45,216,48.0,48.0,1,Medium
20,5,1,Vellore,highway,2,0,Clear,0.0,31.1,58,149,57.9,33.1,1,Medium
3,0,0,Chennai,highway,2,0,Clear,0.0,35.5,49,69,69.8,15.3,0,Low
12,5,1,Tirunelveli,secondary,0,0,Drizzle,0.2,26.4,84,75,22.8,41.7,1,Medium
16,0,0,Vellore,secondary,0,1,Clear,0.0,23.2,76,119,9.9,86.1,2,Heavy
18,6,1,Vellore,main,1,0,Clouds,0.0,32.8,67,97,36.5,32.3,1,Medium
22,6,1,Erode,highway,2,0,Drizzle,1.5,33.2,82,138,59.1,31.3,1,Medium
13,5,1,Ooty,highway,2,0,Clear,0.0,38.5,65,154,57.2,34.2,1,Medium
12,0,0,Trichy,secondary,0,0,Clouds,0.0,26.6,46,87,20.9,48.3,1,Medium
9,4,0,Madurai,main,1,0,Clear,0.0,27.2,48,256,14.5,85.3,2,Heavy
20,2,0,Vellore,highway,2,0,Clear,0.0,35.7,52,238,44.7,52.9,2,Heavy
13,0,0,Trichy,main,1,0,Clouds,0.0,26.4,56,130,32.0,43.3,1,Medium
19,4,0,Trichy,main,1,0,Clear,0.0,27.4,52,270,12.5,90.0,2,Heavy
2,3,0,Tuticorin,secondary,0,0,Drizzle,0.6,39.9,91,16,32.3,9.1,0,Low
7,3,0,Ooty,secondary,0,0,Clear,0.0,28.6,49,35,29.3,19.4,0,Low
12,1,0,Tirunelveli,main,1,1,Drizzle,0.5,32.6,80,184,16.0,81.5,2,Heavy
11,2,0,Ooty,secondary,0,0,Clear,0.0,26.4,71,50,26.9,27.8,0,Low
7,5,1,Madurai,main,1,0,Clear,0.0,32.7,45,53,42.6,17.7,0,Low
10,6,1,Thanjavur,highway,2,0,Clear,0.0,30.7,58,167,55.3,37.1,1,Medium
8,4,0,Trichy,highway,2,1,Clear,0.0,24.0,49,536,13.3,100.0,3,Very Heavy
13,0,0,Madurai,highway,2,0,Clouds,0.0,29.6,68,194,51.3,43.1,1,Medium
4,2,0,Chennai,main,1,0,Clear,0.0,32.1,68,39,44.6,13.0,0,Low
16,6,1,Madurai,main,1,0,Clear,0.0,31.2,55,150,29.2,50.0,1,Medium
16,3,0,Coimbatore,main,1,0,Clouds,0.0,26.4,54,168,26.7,56.0,1,Medium
13,6,1,Erode,main,1,0,Clouds,0.0,35.2,64,119,33.5,39.7,1,Medium
16,4,0,Erode,secondary,0,1,Clear,0.0,23.7,53,106,12.0,78.9,2,Heavy
14,5,1,Tirunelveli,secondary,0,0,Clear,0.0,28.3,63,58,25.6,32.2,1,Medium
8,2,0,Trichy,secondary,0,0,Clear,0.0,30.2,62,155,9.9,86.1,2,Heavy
20,1,0,Trichy,secondary,0,0,Clear,0.0,24.6,79,142,12.0,78.9,2,Heavy
8,5,1,Tuticorin,secondary,0,0,Rain,23.2,29.6,95,77,19.8,52.1,1,Medium
11,3,0,Ooty,main,1,0,Clear,0.0,28.5,79,92,37.2,30.7,0,Low
22,6,1,Salem,highway,2,1,Clouds,0.0,30.5,61,252,29.3,76.0,2,Heavy
14,3,0,Tuticorin,main,1,1,Clear,0.0,30.8,76,180,16.7,80.0,2,Heavy
7,0,0,Tirunelveli,highway,2,0,Rain,14.6,33.1,77,59,67.3,19.0,0,Low
7,0,0,Thanjavur,main,1,0,Rain,7.7,27.5,96,15,46.6,8.1,0,Low
22,5,1,Coimbatore,main,1,0,Drizzle,1.2,36.6,94,161,27.5,54.1,1,Medium
11,1,0,Salem,secondary,0,0,Clear,0.0,35.7,59,79,22.2,43.9,1,Medium
16,1,0,Trichy,secondary,0,0,Clouds,0.0,27.2,62,70,23.7,38.9,1,Medium
9,4,0,Erode,highway,2,0,Clear,0.0,29.1,45,271,39.9,60.2,2,Heavy
13,1,0,Tuticorin,main,1,0,Clear,0.0,34.9,73,127,32.4,42.3,1,Medium
15,2,0,Erode,highway,2,0,Clear,0.0,26.2,78,158,56.6,35.1,1,Medium
19,4,0,Tuticorin,main,1,0,Rain,8.1,32.8,97,208,19.8,72.6,2,Heavy
8,2,0,Erode,highway,2,0,Clear,0.0,34.8,59,235,45.2,52.2,2,Heavy
9,5,1,Ooty,secondary,0,0,Rain,7.7,29.5,93,76,21.8,45.3,1,Medium
12,3,0,Chennai,main,1,0,Clear,0.0,36.0,62,181,24.9,60.3,2,Heavy
8,4,0,Madurai,highway,2,0,Clouds,0.0,25.9,47,354,27.5,78.7,2,Heavy
17,1,0,Trichy,highway,2,0,Drizzle,2.3,31.3,77,322,31.7,72.5,2,Heavy
9,6,1,Vellore,highway,2,0,Clear,0.0,31.2,71,151,57.6,33.6,1,Medium
5,5,1,Coimbatore,secondary,0,0,Clouds,0.0,24.9,72,15,32.6,8.3,0,Low
6,6,1,Tuticorin,secondary,0,0,Clouds,0.0,31.5,52,16,32.4,8.9,0,Low
14,1,0,Madurai,highway,2,1,Clear,0.0,26.2,62,316,19.9,90.2,2,Heavy
7,0,0,Chennai,main,1,0,Clear,0.0,28.8,68,40,44.5,13.3,0,Low
17,5,1,Vellore,highway,2,0,Clouds,0.0,27.4,49,155,57.1,34.4,1,Medium
18,5,1,Vellore,secondary,0,0,Clear,0.0,32.5,78,75,22.8,41.7,1,Medium
15,6,1,Tirunelveli,secondary,0,0,Clear,0.0,29.9,71,46,27.5,25.6,0,Low
6,2,0,Chennai,highway,2,0,Clear,0.0,30.3,69,73,69.2,16.2,0,Low
8,6,1,Trichy,highway,2,0,Clear,0.0,25.4,53,196,50.9,43.6,1,Medium
20,3,0,Madurai,highway,2,0,Clouds,0.0,35.1,68,332,30.8,73.8,2,Heavy
21,5,1,Chennai,highway,2,0,Clouds,0.0,34.7,69,163,55.9,36.2,1,Medium
11,4,0,Tuticorin,main,1,1,Clear,0.0,29.3,75,175,17.4,78.3,2,Heavy
0,0,0,Thanjavur,highway,2,0,Clear,0.0,32.3,46,41,73.9,9.1,0,Low
12,6,1,Chennai,main,1,1,Rain,6.8,25.3,85,302,8.3,100.0,2,Heavy
7,3,0,Thanjavur,secondary,0,0,Rain,6.1,33.3,92,31,29.3,19.7,0,Low
23,1,0,Thanjavur,highway,2,0,Clear,0.0,33.6,62,105,64.5,23.3,0,Low
11,3,0,Coimbatore,secondary,0,1,Rain,11.5,27.9,79,191,8.0,100.0,2,Heavy
18,1,0,Trichy,main,1,0,Clear,0.0,26.7,58,225,18.8,75.0,2,Heavy
13,0,0,Salem,secondary,0,0,Clear,0.0,32.7,76,76,22.7,42.2,1,Medium
22,6,1,Tuticorin,secondary,0,0,Clear,0.0,29.3,66,33,29.7,18.3,0,Low
19,4,0,Ooty,secondary,0,0,Clear,0.0,26.2,60,113,16.7,62.8,2,Heavy
21,2,0,Salem,main,1,0,Rain,12.1,29.0,93,121,31.2,45.2,1,Medium
15,6,1,Coimbatore,highway,2,0,Clear,0.0,31.1,51,236,45.1,52.4,2,Heavy
15,2,0,Erode,main,1,0,Clouds,0.0,35.3,49,91,37.4,30.3,0,Low
18,1,0,Erode,main,1,0,Clear,0.0,28.4,68,200,22.2,66.7,2,Heavy
8,3,0,Erode,secondary,0,0,Clear,0.0,29.3,66,107,17.7,59.4,1,Medium
6,6,1,Coimbatore,highway,2,0,Drizzle,0.6,30.5,77,92,66.2,20.7,0,Low
23,0,0,Ooty,highway,2,1,Clear,0.0,35.2,68,209,35.7,66.4,2,Heavy
15,0,0,Tirunelveli,secondary,0,0,Rain,5.6,26.8,93,49,26.4,29.5,0,Low
18,1,0,Tuticorin,highway,2,0,Clear,0.0,32.2,62,267,40.5,59.3,2,Heavy
9,0,0,Coimbatore,secondary,0,0,Clear,0.0,32.1,77,187,8.0,100.0,2,Heavy
11,2,0,Salem,highway,2,0,Clouds,0.0,25.5,67,209,49.1,46.4,1,Medium
18,1,0,Erode,main,1,0,Rain,11.8,37.7,79,200,20.2,71.4,2,Heavy
15,0,0,Coimbatore,highway,2,0,Rain,8.4,26.7,98,294,34.2,68.7,2,Heavy
10,1,0,Tirunelveli,secondary,0,0,Rain,23.3,28.3,95,162,8.0,99.3,2,Heavy
15,5,1,Thanjavur,secondary,0,0,Clear,0.0,26.7,70,40,28.5,22.2,0,Low
8,3,0,Salem,main,1,0,Clear,0.0,34.2,65,270,12.5,90.0,2,Heavy
10,6,1,Erode,secondary,0,0,Rain,12.9,30.6,80,78,20.9,48.5,1,Medium
19,2,0,Coimbatore,main,1,0,Clouds,0.0,35.1,76,323,8.3,100.0,2,Heavy
3,0,0,Madurai,main,1,0,Clear,0.0,23.8,68,65,41.0,21.7,0,Low
8,2,0,Thanjavur,highway,2,1,Clear,0.0,26.1,77,422,13.3,100.0,3,Very Heavy
20,1,0,Tuticorin,secondary,0,0,Clouds,0.0,31.9,74,101,18.6,56.1,1,Medium
4,2,0,Thanjavur,main,1,1,Clear,0.0,34.8,49,55,34.0,38.3,1,Medium
9,2,0,Tuticorin,secondary,0,0,Drizzle,2.1,29.8,95,97,19.0,54.7,1,Medium
9,2,0,Ooty,secondary,0,0,Clear,0.0,26.0,73,86,21.1,47.8,1,Medium
15,4,0,Coimbatore,main,1,0,Clouds,0.0,32.6,64,182,24.7,60.7,2,Heavy
14,4,0,Tuticorin,highway,2,0,Drizzle,0.9,36.2,87,147,58.0,33.0,1,Medium
16,0,0,Madurai,secondary,0,1,Rain,12.3,25.0,95,153,8.0,100.0,2,Heavy
7,5,1,Chennai,highway,2,0,Drizzle,0.3,26.3,83,69,69.7,15.5,0,Low
8,0,0,Trichy,secondary,0,0,Clear,0.0,31.7,49,120,15.5,66.7,2,Heavy
6,6,1,Chennai,highway,2,0,Clear,0.0,39.2,52,76,68.7,16.9,0,Low
7,5,1,Vellore,secondary,0,0,Rain,10.6,25.8,77,19,30.7,14.8,0,Low
21,5,1,Trichy,secondary,0,1,Clouds,0.0,27.6,50,97,13.4,73.9,2,Heavy
18,4,0,Madurai,secondary,0,0,Clear,0.0,34.5,67,163,8.6,90.6,2,Heavy
18,6,1,Erode,highway,2,0,Clouds,0.0,33.5,75,141,59.1,31.3,1,Medium
21,6,1,Trichy,secondary,0,0,Clear,0.0,26.4,68,66,24.3,36.7,1,Medium
15,0,0,Trichy,highway,2,0,Rain,33.8,30.8,75,264,31.9,72.2,2,Heavy
19,4,0,Coimbatore,highway,2,0,Clear,0.0,36.0,75,424,17.2,94.2,3,Very Heavy
16,0,0,Tirunelveli,highway,2,0,Clear,0.0,29.9,72,129,60.9,28.7,1,Medium
22,1,0,Salem,secondary,0,0,Clear,0.0,26.3,62,42,28.2,23.3,0,Low
6,2,0,Thanjavur,main,1,0,Rain,10.3,25.6,84,57,40.4,23.1,0,Low
21,4,0,Coimbatore,highway,2,0,Rain,5.9,29.1,83,207,47.7,48.4,1,Medium
15,4,0,Coimbatore,highway,2,1,Clouds,0.0,35.1,80,356,13.9,99.1,3,Very Heavy
19,4,0,Thanjavur,secondary,0,0,Rain,12.4,38.3,87,101,17.2,61.1,2,Heavy
6,2,0,Salem,main,1,1,Rain,7.4,30.0,93,81,29.2,50.0,1,Medium
18,3,0,Chennai,main,1,0,Clouds,0.0,28.5,80,298,8.6,99.3,2,Heavy
16,4,0,Madurai,highway,2,0,Clear,0.0,28.7,75,178,53.6,39.6,1,Medium
9,3,0,Ooty,secondary,0,1,Clear,0.0,33.3,62,159,8.0,100.0,2,Heavy
9,3,0,Vellore,secondary,0,0,Clear,0.0,27.4,78,120,15.5,66.7,2,Heavy
9,1,0,Erode,secondary,0,0,Clear,0.0,27.0,61,90,20.4,50.0,1,Medium
8,2,0,Erode,secondary,0,0,Clouds,0.0,25.0,52,128,14.3,71.1,2,Heavy
23,5,1,Chennai,highway,2,1,Clear,0.0,27.1,58,270,26.7,80.0,2,Heavy
17,6,1,Ooty,highway,2,0,Rain,9.5,24.2,89,207,46.8,49.8,1,Medium
19,2,0,Ooty,highway,2,0,Clear,0.0,34.6,73,243,44.0,54.0,2,Heavy
11,6,1,Trichy,main,1,0,Rain,34.1,30.6,90,197,17.0,79.3,2,Heavy
0,3,0,Chennai,main,1,0,Clear,0.0,28.0,74,32,45.5,10.7,0,Low
9,1,0,Salem,highway,2,1,Clear,0.0,30.5,78,523,13.3,100.0,3,Very Heavy
13,5,1,Ooty,highway,2,0,Clear,0.0,34.8,55,134,60.1,29.8,1,Medium
16,3,0,Chennai,highway,2,0,Clear,0.0,29.7,52,226,46.5,50.2,2,Heavy
19,4,0,Coimbatore,main,1,0,Rain,5.9,32.7,78,340,8.3,100.0,3,Very Heavy
18,5,1,Salem,highway,2,0,Clouds,0.0,32.3,78,214,48.3,47.6,1,Medium
21,2,0,Chennai,highway,2,0,Clear,0.0,24.5,45,205,49.6,45.6,1,Medium
18,2,0,Salem,secondary,0,0,Rain,39.0,28.4,87,199,8.0,100.0,2,Heavy
11,3,0,Tuticorin,secondary,0,0,Clouds,0.0,29.6,47,86,21.1,47.8,1,Medium
10,1,0,Trichy,secondary,0,1,Rain,28.3,35.0,93,287,8.0,100.0,2,Heavy
8,3,0,Erode,highway,2,1,Clear,0.0,27.4,80,436,13.3,100.0,3,Very Heavy
11,0,0,Trichy,highway,2,0,Clear,0.0,39.8,62,181,53.2,40.2,1,Medium
20,4,0,Coimbatore,main,1,0,Clouds,0.0,35.4,79,292,9.5,97.3,2,Heavy
17,4,0,Chennai,main,1,0,Clouds,0.0,28.2,76,303,8.3,100.0,2,Heavy
6,4,0,Tirunelveli,highway,2,0,Clouds,0.0,33.5,67,53,72.1,11.8,0,Low
17,5,1,Madurai,highway,2,0,Drizzle,2.6,24.9,80,183,52.2,41.7,1,Medium
19,1,0,Madurai,highway,2,0,Clear,0.0,26.3,59,352,27.9,78.2,2,Heavy
16,6,1,Trichy,main,1,0,Drizzle,0.9,39.2,77,129,31.9,43.4,1,Medium
0,2,0,Vellore,main,1,0,Clear,0.0,33.6,71,20,47.2,6.7,0,Low
12,3,0,Coimbatore,highway,2,0,Clouds,0.0,34.8,78,243,44.0,54.0,2,Heavy
22,3,0,Tuticorin,secondary,0,0,Clouds,0.0,30.2,58,63,24.8,35.0,1,Medium
10,4,0,Vellore,main,1,0,Clear,0.0,29.8,57,203,21.8,67.7,2,Heavy
19,0,0,Vellore,highway,2,0,Drizzle,1.3,27.3,97,241,43.9,54.1,2,Heavy
11,5,1,Thanjavur,main,1,0,Drizzle,0.2,24.4,91,102,35.8,34.1,1,Medium
20,4,0,Madurai,highway,2,0,Drizzle,1.2,23.7,92,339,29.5,75.8,2,Heavy
9,2,0,Thanjavur,highway,2,0,Rain,13.8,34.5,90,286,33.9,69.1,2,Heavy
17,0,0,Madurai,highway,2,0,Drizzle,0.9,32.3,98,311,33.7,69.5,2,Heavy
8,2,0,Tirunelveli,main,1,1,Drizzle,4.6,38.5,75,330,8.3,100.0,2,Heavy
2,2,0,Chennai,secondary,0,0,Clear,0.0,27.9,50,15,32.6,8.3,0,Low
16,0,0,Vellore,secondary,0,0,Rain,22.4,30.9,79,80,19.4,53.4,1,Medium
7,4,0,Erode,secondary,0,0,Drizzle,0.3,27.4,77,15,32.5,8.5,0,Low
15,3,0,Tuticorin,secondary,0,0,Clear,0.0,38.4,54,70,23.7,38.9,1,Medium
10,3,0,Tuticorin,highway,2,0,Rain,20.2,26.5,94,366,20.4,89.4,3,Very Heavy
11,5,1,Salem,highway,2,0,Clear,0.0,34.2,78,175,54.1,38.9,1,Medium
8,2,0,Trichy,main,1,0,Clear,0.0,34.2,48,273,12.1,91.0,2,Heavy
17,4,0,Tuticorin,main,1,0,Drizzle,4.0,24.9,81,207,20.6,70.6,2,Heavy
13,2,0,Tuticorin,secondary,0,0,Clear,0.0,26.6,78,55,26.1,30.6,0,Low
19,2,0,Chennai,highway,2,0,Clear,0.0,33.3,45,419,17.9,93.1,3,Very Heavy
21,3,0,Madurai,secondary,0,0,Clear,0.0,26.6,57,55,26.1,30.6,0,Low
17,1,0,Trichy,highway,2,0,Drizzle,1.5,27.2,80,347,28.2,77.7,2,Heavy
17,3,0,Ooty,secondary,0,1,Clear,0.0,38.0,53,180,8.0,100.0,2,Heavy
7,6,1,Erode,highway,2,0,Rain,14.3,33.2,87,64,66.7,19.9,0,Low
11,6,1,Erode,highway,2,0,Clear,0.0,32.5,56,169,54.9,37.6,1,Medium
15,1,0,Tirunelveli,main,1,0,Clear,0.0,35.2,46,107,35.1,35.7,1,Medium
19,4,0,Erode,main,1,0,Clouds,0.0,28.8,46,192,23.3,64.0,2,Heavy
17,4,0,Trichy,secondary,0,0,Clear,0.0,34.3,53,116,16.2,64.4,2,Heavy
10,2,0,Ooty,secondary,0,1,Rain,11.9,24.9,84,186,8.0,100.0,2,Heavy
8,4,0,Trichy,main,1,0,Clouds,0.0,38.9,70,229,18.2,76.3,2,Heavy
17,3,0,Coimbatore,highway,2,0,Clear,0.0,35.8,79,393,21.8,87.3,3,Very Heavy
16,1,0,Tuticorin,highway,2,0,Clear,0.0,30.1,59,128,61.1,28.4,1,Medium
20,4,0,Coimbatore,highway,2,0,Clear,0.0,35.6,69,404,20.1,89.8,3,Very Heavy
19,0,0,Thanjavur,secondary,0,0,Rain,25.2,31.9,75,141,9.2,88.4,2,Heavy
15,6,1,Erode,highway,2,0,Rain,15.9,25.7,87,219,43.3,55.0,1,Medium
17,6,1,Vellore,main,1,0,Clouds,0.0,28.4,45,121,33.2,40.3,1,Medium
18,1,0,Tirunelveli,secondary,0,0,Rain,19.5,34.7,78,160,8.0,96.7,2,Heavy
7,2,0,Tuticorin,main,1,0,Clear,0.0,33.6,46,33,45.4,11.0,0,Low
18,1,0,Trichy,highway,2,0,Drizzle,4.0,30.5,82,327,30.5,74.3,2,Heavy
6,2,0,Tirunelveli,main,1,0,Clear,0.0,30.1,53,54,42.5,18.0,0,Low
16,6,1,Chennai,main,1,0,Clouds,0.0,38.2,72,184,24.5,61.3,2,Heavy
18,3,0,Coimbatore,highway,2,0,Clear,0.0,28.0,48,402,20.5,89.3,3,Very Heavy
6,6,1,Erode,secondary,0,0,Clouds,0.0,28.1,65,15,32.6,8.3,0,Low
20,2,0,Trichy,main,1,0,Clear,0.0,30.9,72,254,14.7,84.7,2,Heavy
16,1,0,Erode,secondary,0,0,Clouds,0.0,23.3,63,53,26.4,29.4,0,Low
0,4,0,Salem,secondary,0,0,Clouds,0.0,35.1,75,45,27.7,25.0,0,Low
12,1,0,Thanjavur,highway,2,0,Clear,0.0,29.7,48,170,54.8,37.8,1,Medium
19,4,0,Chennai,secondary,0,0,Drizzle,2.3,33.1,84,154,9.8,86.5,2,Heavy
23,2,0,Chennai,secondary,0,0,Clouds,0.0,27.6,71,76,22.7,42.2,1,Medium
19,5,1,Ooty,main,1,0,Clear,0.0,27.2,74,105,35.4,35.0,1,Medium
15,5,1,Thanjavur,main,1,0,Clear,0.0,27.0,63,107,35.1,35.7,1,Medium
18,6,1,Tuticorin,secondary,0,0,Rain,16.7,28.9,82,75,20.9,48.3,1,Medium
15,0,0,Erode,main,1,0,Clear,0.0,32.4,75,117,33.8,39.0,1,Medium
16,1,0,Erode,highway,2,0,Clear,0.0,24.8,59,168,55.1,37.3,1,Medium
20,5,1,Ooty,secondary,0,0,Clouds,0.0,35.8,46,42,28.2,23.3,0,Low
20,0,0,Tirunelveli,main,1,0,Clear,0.0,34.5,46,178,25.3,59.3,1,Medium
18,4,0,Erode,secondary,0,0,Rain,19.7,26.1,92,144,9.4,87.9,2,Heavy
16,6,1,Tirunelveli,main,1,0,Clear,0.0,32.9,51,97,36.5,32.3,1,Medium
10,2,0,Trichy,secondary,0,0,Clear,0.0,28.4,70,163,8.6,90.6,2,Heavy
9,0,0,Salem,secondary,0,0,Clear,0.0,32.7,59,145,11.5,80.6,2,Heavy
11,3,0,Erode,secondary,0,0,Clear,0.0,26.8,69,80,22.1,44.4,1,Medium
10,6,1,Trichy,secondary,0,0,Clear,0.0,28.8,48,79,22.2,43.9,1,Medium
6,5,1,Ooty,secondary,0,0,Clear,0.0,36.4,78,21,31.6,11.7,0,Low
16,0,0,Ooty,main,1,0,Rain,55.9,30.2,75,156,19.0,74.4,2,Heavy
9,1,0,Vellore,secondary,0,0,Clouds,0.0,30.1,70,91,20.2,50.6,1,Medium
10,4,0,Tuticorin,highway,2,0,Clouds,0.0,35.2,75,244,43.9,54.2,2,Heavy
21,0,0,Tuticorin,secondary,0,0,Clear,0.0,40.7,79,36,29.2,20.0,0,Low
9,1,0,Trichy,main,1,0,Rain,6.4,40.1,86,285,9.3,97.6,2,Heavy
15,0,0,Coimbatore,main,1,0,Clear,0.0,26.8,55,161,27.6,53.7,1,Medium
7,6,1,Chennai,main,1,0,Clear,0.0,31.0,65,61,41.5,20.3,0,Low
7,1,0,Tirunelveli,main,1,0,Clear,0.0,26.5,64,17,47.6,5.7,0,Low
5,6,1,Tuticorin,main,1,0,Clear,0.0,28.8,51,15,47.9,5.0,0,Low
8,2,0,Trichy,main,1,0,Rain,5.6,35.1,79,307,8.3,100.0,2,Heavy
14,1,0,Vellore,secondary,0,0,Clouds,0.0,31.9,76,49,27.1,27.2,0,Low
8,4,0,Coimbatore,secondary,0,0,Clouds,0.0,32.9,76,171,8.0,95.0,2,Heavy
19,1,0,Trichy,main,1,0,Clear,0.0,36.0,56,249,15.4,83.0,2,Heavy
9,6,1,Chennai,main,1,1,Clouds,0.0,30.3,79,320,8.3,100.0,2,Heavy
13,0,0,Coimbatore,main,1,0,Clear,0.0,34.1,70,201,22.1,67.0,2,Heavy
18,3,0,Chennai,main,1,0,Clear,0.0,29.5,56,320,8.3,100.0,2,Heavy
23,5,1,Madurai,highway,2,1,Rain,18.0,30.5,89,345,13.3,100.0,3,Very Heavy
15,5,1,Salem,main,1,0,Clouds,0.0,27.4,49,155,28.5,51.7,1,Medium
18,0,0,Erode,main,1,0,Clear,0.0,32.1,60,187,24.0,62.3,2,Heavy
21,1,0,Thanjavur,highway,2,0,Drizzle,5.0,32.9,94,107,62.8,25.8,0,Low
12,5,1,Ooty,secondary,0,0,Clear,0.0,25.4,63,76,22.7,42.2,1,Medium
16,4,0,Tirunelveli,secondary,0,0,Rain,32.0,28.0,89,92,16.4,63.9,2,Heavy
17,3,0,Vellore,highway,2,0,Clear,0.0,29.9,79,246,43.5,54.7,2,Heavy
8,4,0,Thanjavur,secondary,0,0,Rain,23.5,26.6,94,160,8.0,98.3,2,Heavy
14,4,0,Ooty,main,1,0,Clear,0.0,33.2,72,97,36.5,32.3,1,Medium
14,1,0,Madurai,main,1,1,Clear,0.0,26.0,65,247,8.3,100.0,2,Heavy
16,1,0,Madurai,secondary,0,0,Clouds,0.0,34.3,68,101,18.6,56.1,1,Medium
17,4,0,Tuticorin,main,1,0,Clear,0.0,33.5,79,192,23.3,64.0,2,Heavy
8,4,0,Salem,main,1,0,Clouds,0.0,32.1,67,234,17.5,78.0,2,Heavy
16,1,0,Ooty,highway,2,0,Clouds,0.0,24.8,70,138,59.5,30.7,1,Medium
21,2,0,Thanjavur,secondary,0,0,Clear,0.0,33.6,65,70,23.7,38.9,1,Medium
20,2,0,Vellore,highway,2,0,Clouds,0.0,28.2,59,267,40.5,59.3,2,Heavy
11,1,0,Tuticorin,secondary,0,0,Clear,0.0,32.5,68,71,23.5,39.4,1,Medium
21,4,0,Salem,main,1,0,Clouds,0.0,32.5,63,100,36.1,33.3,1,Medium
16,5,1,Salem,secondary,0,0,Clouds,0.0,32.0,52,65,24.5,36.1,1,Medium
14,5,1,Chennai,highway,2,0,Clouds,0.0,32.3,50,229,46.1,50.9,2,Heavy
9,0,0,Coimbatore,main,1,0,Rain,6.7,31.9,98,361,8.3,100.0,3,Very Heavy
13,6,1,Trichy,main,1,0,Clear,0.0,35.6,65,136,31.1,45.3,1,Medium
19,6,1,Madurai,secondary,0,0,Clouds,0.0,27.8,47,85,21.2,47.2,1,Medium
21,0,0,Tuticorin,secondary,0,0,Clouds,0.0,23.1,53,47,27.4,26.1,0,Low
19,4,0,Madurai,highway,2,0,Clouds,0.0,31.6,53,355,27.4,78.9,2,Heavy
5,2,0,Erode,main,1,0,Clear,0.0,25.4,79,17,47.6,5.7,0,Low
17,4,0,Madurai,main,1,0,Clouds,0.0,34.6,66,246,15.8,82.0,2,Heavy
19,2,0,Tirunelveli,secondary,0,0,Clouds,0.0,34.1,52,110,17.2,61.1,2,Heavy
7,6,1,Tirunelveli,highway,2,1,Clear,0.0,31.9,68,58,58.1,32.9,1,Medium
7,6,1,Coimbatore,highway,2,0,Clear,0.0,29.4,58,44,73.5,9.8,0,Low
16,3,0,Thanjavur,highway,2,0,Rain,16.7,28.8,84,212,44.1,53.8,1,Medium
11,4,0,Thanjavur,secondary,0,0,Clear,0.0,30.2,59,88,20.7,48.9,1,Medium
21,5,1,Vellore,secondary,0,0,Rain,16.9,35.8,91,86,19.1,54.5,1,Medium
9,0,0,Madurai,main,1,0,Clouds,0.0,27.1,79,231,17.9,77.0,2,Heavy
7,4,0,Trichy,highway,2,0,Clear,0.0,33.4,50,35,74.8,7.8,0,Low
12,3,0,Thanjavur,highway,2,0,Clear,0.0,33.7,46,151,57.6,33.6,1,Medium
6,3,0,Thanjavur,secondary,0,0,Clear,0.0,33.5,74,16,32.4,8.9,0,Low
9,1,0,Thanjavur,secondary,0,0,Clear,0.0,26.9,65,132,13.6,73.3,2,Heavy
13,5,1,Ooty,secondary,0,0,Clouds,0.0,33.2,80,45,27.7,25.0,0,Low
8,3,0,Ooty,main,1,0,Clouds,0.0,28.2,58,180,25.0,60.0,2,Heavy
8,1,0,Chennai,main,1,0,Drizzle,1.3,30.1,88,283,10.5,94.9,2,Heavy
16,4,0,Erode,main,1,0,Clear,0.0,27.7,54,129,32.1,43.0,1,Medium
22,6,1,Tirunelveli,secondary,0,0,Rain,27.9,30.5,92,58,22.3,43.4,1,Medium
14,5,1,Erode,highway,2,0,Clouds,0.0,28.9,55,127,61.2,28.2,1,Medium
9,2,0,Tuticorin,main,1,0,Clear,0.0,26.6,52,206,21.4,68.7,2,Heavy
8,1,0,Vellore,highway,2,0,Clouds,0.0,35.1,74,280,38.5,62.2,2,Heavy
14,6,1,Coimbatore,highway,2,0,Clear,0.0,31.6,78,253,42.5,56.2,2,Heavy
18,3,0,Coimbatore,highway,2,0,Rain,8.4,24.4,81,440,13.3,100.0,3,Very Heavy
14,6,1,Salem,secondary,0,1,Clouds,0.0,26.5,77,146,8.0,100.0,2,Heavy
17,5,1,Trichy,secondary,0,0,Rain,21.0,35.9,95,94,17.3,60.6,2,Heavy
1,2,0,Chennai,highway,2,0,Clear,0.0,26.7,65,52,72.3,11.6,0,Low
15,6,1,Trichy,secondary,0,0,Clouds,0.0,33.3,55,92,20.1,51.1,1,Medium
2,2,0,Tirunelveli,secondary,0,0,Clear,0.0,32.1,77,15,32.6,8.3,0,Low
12,3,0,Chennai,secondary,0,0,Clear,0.0,26.5,52,82,21.7,45.6,1,Medium
8,0,0,Madurai,highway,2,0,Drizzle,4.6,24.1,96,313,32.4,71.4,2,Heavy
17,0,0,Tuticorin,secondary,0,0,Rain,27.1,26.4,80,159,8.0,99.2,2,Heavy
7,2,0,Chennai,main,1,0,Clear,0.0,28.0,60,71,40.1,23.7,0,Low
9,1,0,Trichy,highway,2,0,Clear,0.0,34.8,56,325,31.9,72.2,2,Heavy
8,6,1,Thanjavur,highway,2,0,Clear,0.0,36.9,80,145,58.5,32.2,1,Medium
15,2,0,Tirunelveli,highway,2,0,Clouds,0.0,31.9,46,170,54.8,37.8,1,Medium
17,6,1,Tirunelveli,main,1,0,Clouds,0.0,31.7,58,118,33.6,39.3,1,Medium
15,6,1,Madurai,secondary,0,0,Clear,0.0,27.9,52,77,22.5,42.8,1,Medium
15,3,0,Thanjavur,main,1,0,Rain,5.9,32.9,75,109,33.9,38.7,1,Medium
7,3,0,Madurai,highway,2,1,Drizzle,0.1,27.6,94,77,55.2,37.2,1,Medium
9,1,0,Thanjavur,main,1,1,Rain,28.3,28.8,98,399,8.3,100.0,3,Very Heavy
19,0,0,Erode,main,1,0,Clear,0.0,35.0,78,190,23.6,63.3,2,Heavy
21,1,0,Tirunelveli,main,1,1,Clouds,0.0,29.9,59,119,25.1,59.7,1,Medium
7,4,0,Trichy,highway,2,0,Clear,0.0,39.8,73,49,72.7,10.9,0,Low
11,4,0,Tuticorin,highway,2,0,Drizzle,1.1,29.7,88,141,58.8,31.8,1,Medium
19,1,0,Salem,main,1,0,Drizzle,4.6,30.7,92,230,17.3,78.5,2,Heavy
3,0,0,Thanjavur,highway,2,0,Rain,36.0,26.2,89,81,58.4,32.4,1,Medium
8,4,0,Coimbatore,main,1,1,Rain,36.1,32.7,98,656,8.3,100.0,3,Very Heavy
16,6,1,Coimbatore,highway,2,0,Clear,0.0,27.1,74,236,45.1,52.4,2,Heavy
9,3,0,Vellore,highway,2,0,Clear,0.0,27.2,63,251,42.8,55.8,2,Heavy
8,3,0,Vellore,main,1,0,Rain,10.2,30.4,93,220,17.8,77.4,2,Heavy
17,3,0,Thanjavur,secondary,0,0,Clear,0.0,31.6,46,104,18.1,57.8,1,Medium
18,6,1,Trichy,secondary,0,0,Clouds,0.0,34.4,73,86,21.1,47.8,1,Medium
6,4,0,Erode,highway,2,0,Rain,12.0,26.2,90,27,72.8,10.8,0,Low
12,0,0,Salem,main,1,0,Rain,7.1,38.7,77,144,28.8,50.8,1,Medium
13,3,0,Vellore,secondary,0,1,Clear,0.0,31.4,61,110,11.3,81.1,2,Heavy
15,5,1,Coimbatore,secondary,0,0,Clear,0.0,31.0,65,77,22.5,42.8,1,Medium
4,4,0,Tirunelveli,highway,2,1,Clouds,0.0,26.2,76,82,54.5,38.2,1,Medium
16,5,1,Thanjavur,main,1,0,Clouds,0.0,29.8,52,123,32.9,41.0,1,Medium
12,3,0,Salem,highway,2,0,Clear,0.0,31.7,48,183,52.9,40.7,1,Medium
18,3,0,Trichy,highway,2,0,Clear,0.0,35.1,63,345,28.9,76.7,2,Heavy
6,6,1,Vellore,highway,2,0,Clear,0.0,35.1,53,50,72.6,11.1,0,Low
19,0,0,Vellore,secondary,0,1,Clear,0.0,32.6,46,163,8.0,100.0,2,Heavy
21,6,1,Coimbatore,secondary,0,0,Clear,0.0,34.8,77,101,18.6,56.1,1,Medium
20,0,0,Tuticorin,main,1,0,Clear,0.0,31.9,79,187,24.0,62.3,2,Heavy
2,6,1,Ooty,secondary,0,0,Clear,0.0,27.6,64,15,32.6,8.3,0,Low
14,5,1,Vellore,main,1,0,Clear,0.0,26.1,68,99,36.2,33.0,1,Medium
9,0,0,Chennai,highway,2,0,Clouds,0.0,29.8,56,383,23.3,85.1,3,Very Heavy
12,6,1,Salem,secondary,0,1,Drizzle,4.2,27.1,80,134,8.0,96.1,2,Heavy
9,1,0,Ooty,secondary,0,1,Drizzle,4.8,24.2,91,193,8.0,100.0,2,Heavy
21,5,1,Erode,secondary,0,0,Clear,0.0,27.2,67,74,23.0,41.1,1,Medium
12,2,0,Coimbatore,secondary,0,0,Clear,0.0,28.8,60,117,16.0,65.0,2,Heavy
8,5,1,Thanjavur,secondary,0,0,Clear,0.0,32.4,70,80,22.1,44.4,1,Medium
16,6,1,Erode,secondary,0,0,Rain,13.4,30.5,83,74,21.4,46.5,1,Medium
13,2,0,Chennai,main,1,0,Clear,0.0,27.4,66,173,26.0,57.7,1,Medium
19,3,0,Tuticorin,highway,2,0,Rain,16.8,40.6,93,373,20.3,89.6,3,Very Heavy
14,4,0,Trichy,main,1,0,Rain,18.8,24.1,88,186,21.0,69.5,2,Heavy
8,6,1,Erode,main,1,0,Rain,18.7,32.2,75,143,27.0,55.1,1,Medium
6,6,1,Coimbatore,main,1,0,Clear,0.0,33.6,60,63,41.2,21.0,0,Low
23,6,1,Ooty,highway,2,0,Clouds,0.0,34.9,75,114,63.1,25.3,0,Low
4,2,0,Madurai,highway,2,0,Clouds,0.0,34.0,46,47,73.1,10.4,0,Low
7,0,0,Salem,main,1,0,Clear,0.0,25.2,57,66,40.8,22.0,0,Low
12,0,0,Tuticorin,main,1,0,Clouds,0.0,27.3,49,104,35.5,34.7,1,Medium
15,4,0,Tuticorin,secondary,0,0,Clouds,0.0,26.7,45,73,23.2,40.6,1,Medium
9,3,0,Madurai,highway,2,0,Clouds,0.0,36.8,59,331,30.9,73.6,2,Heavy
21,4,0,Ooty,main,1,0,Clear,0.0,31.8,60,108,35.0,36.0,1,Medium
12,4,0,Tuticorin,secondary,0,0,Clear,0.0,31.9,50,58,25.6,32.2,1,Medium
7,4,0,Ooty,highway,2,0,Clouds,0.0,28.5,75,42,73.8,9.3,0,Low
7,3,0,Chennai,main,1,0,Drizzle,1.1,31.4,94,74,39.5,25.1,0,Low
8,2,0,Thanjavur,main,1,0,Clear,0.0,28.6,51,192,23.3,64.0,2,Heavy
11,0,0,Tuticorin,highway,2,0,Clouds,0.0,29.0,64,163,55.9,36.2,1,Medium
5,3,0,Salem,highway,2,0,Clear,0.0,30.3,80,56,71.7,12.4,0,Low
18,2,0,Chennai,main,1,0,Clear,0.0,29.6,65,325,8.3,100.0,2,Heavy
15,0,0,Vellore,main,1,1,Clouds,0.0,30.7,64,168,18.3,76.0,2,Heavy
2,1,0,Thanjavur,secondary,0,0,Clouds,0.0,33.8,70,33,29.7,18.3,0,Low
10,2,0,Madurai,main,1,0,Clear,0.0,26.5,67,267,12.9,89.0,2,Heavy
8,1,0,Ooty,main,1,0,Clear,0.0,34.8,73,213,20.4,71.0,2,Heavy
10,1,0,Ooty,main,1,1,Rain,8.2,31.9,77,377,8.3,100.0,3,Very Heavy
11,6,1,Coimbatore,highway,2,0,Clear,0.0,35.9,78,210,48.9,46.7,1,Medium
7,4,0,Thanjavur,highway,2,0,Clear,0.0,34.7,80,29,75.7,6.4,0,Low
19,2,0,Tuticorin,secondary,0,0,Clear,0.0,35.9,62,109,17.3,60.6,2,Heavy
16,3,0,Salem,highway,2,0,Clear,0.0,28.5,48,215,48.1,47.8,1,Medium
9,2,0,Vellore,main,1,0,Clear,0.0,27.4,79,209,21.0,69.7,2,Heavy
22,4,0,Madurai,main,1,0,Clear,0.0,34.8,59,111,34.6,37.0,1,Medium
3,3,0,Salem,highway,2,0,Clear,0.0,31.6,74,42,73.8,9.3,0,Low
7,1,0,Coimbatore,highway,2,0,Clear,0.0,33.4,79,73,69.2,16.2,0,Low
17,0,0,Ooty,secondary,0,0,Clear,0.0,28.9,58,124,14.9,68.9,2,Heavy
8,1,0,Ooty,secondary,0,0,Clear,0.0,34.2,69,113,16.7,62.8,2,Heavy
0,4,0,Tirunelveli,secondary,0,0,Clouds,0.0,34.3,69,15,32.6,8.3,0,Low
16,0,0,Tirunelveli,secondary,0,0,Clouds,0.0,31.0,65,47,27.4,26.1,0,Low
20,2,0,Salem,secondary,0,1,Clear,0.0,33.2,51,220,8.0,100.0,2,Heavy
14,4,0,Vellore,main,1,0,Clear,0.0,35.2,62,111,34.6,37.0,1,Medium
12,6,1,Salem,main,1,0,Clear,0.0,32.2,49,147,29.6,49.0,1,Medium
1,5,1,Thanjavur,highway,2,0,Clear,0.0,27.8,65,27,76.0,6.0,0,Low
21,4,0,Thanjavur,main,1,0,Clouds,0.0,27.2,72,113,34.3,37.7,1,Medium
16,2,0,Madurai,secondary,0,0,Drizzle,0.7,31.2,90,83,21.5,46.4,1,Medium
9,1,0,Ooty,highway,2,0,Clouds,0.0,29.8,79,250,42.9,55.6,2,Heavy
7,1,0,Madurai,main,1,0,Clear,0.0,31.7,78,22,47.0,7.3,0,Low
23,5,1,Madurai,highway,2,1,Clouds,0.0,31.7,55,228,32.9,70.7,2,Heavy
20,5,1,Thanjavur,secondary,0,0,Rain,9.6,23.4,78,59,24.3,36.6,1,Medium
9,0,0,Chennai,highway,2,0,Clear,0.0,26.5,72,379,23.9,84.2,3,Very Heavy
16,6,1,Thanjavur,secondary,0,0,Clear,0.0,26.8,52,56,25.9,31.1,0,Low
11,0,0,Trichy,main,1,0,Rain,7.0,33.2,92,161,26.5,56.5,1,Medium
16,0,0,Ooty,highway,2,0,Clear,0.0,29.0,62,161,56.1,35.8,1,Medium
8,2,0,Ooty,highway,2,0,Clear,0.0,28.0,51,283,38.1,62.9,2,Heavy
19,3,0,Chennai,main,1,0,Clouds,0.0,31.9,66,305,8.3,100.0,2,Heavy
1,5,1,Coimbatore,main,1,1,Clear,0.0,26.9,69,55,34.0,38.3,1,Medium
20,2,0,Ooty,main,1,0,Clouds,0.0,26.0,59,197,22.6,65.7,2,Heavy
7,4,0,Thanjavur,main,1,0,Clear,0.0,25.9,78,42,44.2,14.0,0,Low
12,1,0,Trichy,main,1,0,Clear,0.0,36.7,70,169,26.5,56.3,1,Medium
9,3,0,Chennai,secondary,0,0,Clear,0.0,36.0,52,185,8.0,100.0,2,Heavy
18,0,0,Ooty,main,1,0,Clear,0.0,39.3,56,205,21.5,68.3,2,Heavy
2,4,0,Vellore,main,1,1,Rain,26.2,34.8,88,92,24.5,61.1,2,Heavy
19,5,1,Tirunelveli,main,1,0,Clear,0.0,35.8,69,131,31.8,43.7,1,Medium
11,1,0,Chennai,secondary,0,0,Clouds,0.0,27.2,65,104,18.1,57.8,1,Medium
17,5,1,Vellore,main,1,0,Rain,5.2,29.3,80,120,32.5,42.1,1,Medium
18,5,1,Thanjavur,secondary,0,0,Clouds,0.0,30.4,70,53,26.4,29.4,0,Low
16,3,0,Madurai,highway,2,0,Clouds,0.0,34.0,61,176,53.9,39.1,1,Medium
10,2,0,Coimbatore,secondary,0,0,Drizzle,1.5,38.6,88,151,10.4,84.5,2,Heavy
7,6,1,Chennai,secondary,0,0,Clouds,0.0,30.5,46,43,28.0,23.9,0,Low
20,2,0,Erode,highway,2,0,Clouds,0.0,28.8,58,264,40.9,58.7,2,Heavy
8,4,0,Madurai,secondary,0,0,Clear,0.0,23.7,62,146,11.3,81.1,2,Heavy
8,5,1,Ooty,secondary,0,0,Drizzle,1.9,30.8,88,76,22.5,43.0,1,Medium
13,0,0,Tirunelveli,highway,2,0,Clear,0.0,36.3,48,126,61.3,28.0,1,Medium
19,6,1,Tuticorin,highway,2,0,Clear,0.0,34.8,72,184,52.7,40.9,1,Medium
21,6,1,Tirunelveli,highway,2,0,Rain,17.2,26.3,76,139,54.8,37.8,1,Medium
10,0,0,Erode,secondary,0,1,Clouds,0.0,31.7,50,166,8.0,100.0,2,Heavy
10,2,0,Thanjavur,secondary,0,0,Clear,0.0,31.9,78,119,15.7,66.1,2,Heavy
10,4,0,Trichy,main,1,0,Clouds,0.0,31.0,71,262,13.6,87.3,2,Heavy
22,1,0,Thanjavur,highway,2,0,Rain,11.6,38.5,98,113,60.1,29.8,0,Low
4,2,0,Salem,main,1,0,Clear,0.0,34.9,56,29,46.0,9.7,0,Low
9,6,1,Tirunelveli,main,1,0,Clear,0.0,34.6,78,130,32.0,43.3,1,Medium
18,3,0,Erode,highway,2,0,Clouds,0.0,35.3,61,266,40.6,59.1,2,Heavy
10,1,0,Trichy,secondary,0,0,Clear,0.0,31.5,64,116,16.2,64.4,2,Heavy
5,6,1,Tirunelveli,main,1,0,Clear,0.0,29.5,73,30,45.8,10.0,0,Low
8,1,0,Erode,highway,2,1,Drizzle,1.3,30.2,85,409,13.3,100.0,3,Very Heavy
14,5,1,Coimbatore,highway,2,1,Clouds,0.0,31.1,51,356,13.9,99.1,3,Very Heavy
18,3,0,Coimbatore,main,1,0,Drizzle,1.1,34.1,85,322,8.3,100.0,2,Heavy
11,5,1,Vellore,secondary,0,0,Rain,14.5,28.0,97,61,23.4,39.7,1,Medium
17,0,0,Tirunelveli,main,1,0,Clear,0.0,30.2,53,219,19.6,73.0,2,Heavy
19,0,0,Tuticorin,main,1,0,Clear,0.0,27.1,48,182,24.7,60.7,2,Heavy
22,5,1,Madurai,main,1,1,Clear,0.0,27.9,73,159,19.6,73.0,2,Heavy
4,6,1,Vellore,main,1,0,Clear,0.0,31.5,53,29,46.0,9.7,0,Low
11,0,0,Tuticorin,secondary,0,0,Drizzle,0.9,35.8,75,56,25.8,31.5,0,Low
8,2,0,Ooty,secondary,0,0,Clear,0.0,25.8,52,85,21.2,47.2,1,Medium
4,4,0,Trichy,main,1,0,Rain,20.7,28.0,84,36,41.5,20.3,0,Low
10,4,0,Trichy,secondary,0,0,Rain,14.7,30.3,82,176,8.0,100.0,2,Heavy
7,2,0,Tuticorin,main,1,1,Clear,0.0,31.8,76,67,32.4,42.3,1,Medium
15,6,1,Chennai,main,1,1,Clear,0.0,26.4,73,301,8.3,100.0,2,Heavy
14,5,1,Trichy,main,1,0,Clear,0.0,25.3,57,156,28.3,52.0,1,Medium
1,3,0,Tirunelveli,highway,2,0,Clear,0.0,26.1,55,28,75.9,6.2,0,Low
19,0,0,Ooty,main,1,0,Clouds,0.0,27.8,53,175,25.7,58.3,1,Medium
9,4,0,Vellore,secondary,0,1,Clear,0.0,28.2,54,168,8.0,100.0,2,Heavy
0,6,1,Coimbatore,highway,2,1,Clouds,0.0,26.5,71,97,52.3,41.6,1,Medium
18,4,0,Chennai,secondary,0,0,Clouds,0.0,27.2,54,167,8.0,92.8,2,Heavy
8,1,0,Erode,main,1,0,Clear,0.0,30.0,74,205,21.5,68.3,2,Heavy
13,6,1,Thanjavur,secondary,0,0,Drizzle,1.0,27.7,98,65,24.4,36.5,1,Medium
11,1,0,Salem,highway,2,0,Clouds,0.0,27.4,45,191,51.7,42.4,1,Medium
8,2,0,Tirunelveli,secondary,0,0,Clear,0.0,30.4,53,88,20.7,48.9,1,Medium
9,6,1,Tirunelveli,highway,2,0,Clear,0.0,34.0,55,183,52.9,40.7,1,Medium
6,4,0,Ooty,highway,2,0,Clear,0.0,31.7,45,45,73.3,10.0,0,Low
14,1,0,Coimbatore,highway,2,0,Clear,0.0,30.6,65,240,44.5,53.3,2,Heavy
17,3,0,Madurai,secondary,0,1,Drizzle,1.1,35.2,85,225,8.0,100.0,2,Heavy
16,1,0,Thanjavur,secondary,0,0,Clear,0.0,31.8,54,49,27.1,27.2,0,Low
10,2,0,Thanjavur,main,1,1,Rain,51.8,27.4,91,440,8.3,100.0,3,Very Heavy
0,1,0,Vellore,highway,2,0,Clear,0.0,35.5,59,21,76.9,4.7,0,Low
9,3,0,Salem,highway,2,0,Rain,5.6,39.5,98,402,18.9,91.6,3,Very Heavy
12,2,0,Coimbatore,highway,2,1,Clear,0.0,28.9,45,398,13.3,100.0,3,Very Heavy
3,1,0,Chennai,highway,2,0,Clouds,0.0,27.3,59,70,69.6,15.6,0,Low
19,1,0,Vellore,main,1,0,Clouds,0.0,29.1,47,201,22.1,67.0,2,Heavy
10,0,0,Coimbatore,main,1,0,Rain,5.6,29.4,76,372,8.3,100.0,3,Very Heavy
21,3,0,Tuticorin,highway,2,0,Clear,0.0,28.2,51,142,58.9,31.6,1,Medium
1,1,0,Coimbatore,secondary,0,0,Clear,0.0,26.0,49,41,28.4,22.8,0,Low
15,4,0,Chennai,highway,2,0,Rain,20.1,34.4,82,339,24.4,83.4,2,Heavy
6,3,0,Thanjavur,main,1,0,Rain,35.3,35.4,81,44,38.0,28.8,0,Low
14,2,0,Vellore,highway,2,0,Clouds,0.0,35.1,71,155,57.1,34.4,1,Medium
9,3,0,Chennai,main,1,0,Clear,0.0,29.0,68,295,9.0,98.3,2,Heavy
16,3,0,Salem,main,1,0,Clouds,0.0,31.7,57,141,30.4,47.0,1,Medium
16,3,0,Chennai,main,1,0,Clear,0.0,34.8,69,158,28.0,52.7,1,Medium
22,2,0,Coimbatore,main,1,0,Rain,51.2,29.4,98,203,13.3,88.1,2,Heavy
10,5,1,Thanjavur,secondary,0,0,Clear,0.0,30.9,47,80,22.1,44.4,1,Medium
7,4,0,Ooty,secondary,0,0,Clear,0.0,31.7,50,17,32.3,9.4,0,Low
8,2,0,Salem,highway,2,0,Clouds,0.0,35.7,63,317,33.1,70.4,2,Heavy
5,4,0,Tirunelveli,secondary,0,0,Clouds,0.0,28.4,47,15,32.6,8.3,0,Low
14,3,0,Tirunelveli,secondary,0,0,Clouds,0.0,29.9,74,82,21.7,45.6,1,Medium
9,2,0,Tuticorin,secondary,0,0,Clouds,0.0,35.4,62,123,15.1,68.3,2,Heavy
11,1,0,Tirunelveli,highway,2,0,Clear,0.0,35.3,62,164,55.7,36.4,1,Medium
22,0,0,Thanjavur,main,1,0,Rain,16.8,29.4,80,118,30.8,46.1,1,Medium
17,0,0,Chennai,secondary,0,0,Clear,0.0,29.5,64,154,10.0,85.6,2,Heavy
7,6,1,Erode,secondary,0,0,Clear,0.0,39.4,73,15,32.6,8.3,0,Low
19,2,0,Chennai,main,1,0,Clear,0.0,29.8,52,295,9.0,98.3,2,Heavy
21,5,1,Chennai,secondary,0,0,Clouds,0.0,34.2,55,71,23.5,39.4,1,Medium
8,6,1,Tirunelveli,main,1,1,Clear,0.0,30.6,59,175,17.4,78.3,2,Heavy
2,5,1,Ooty,highway,2,0,Clouds,0.0,24.1,67,25,76.3,5.6,0,Low
17,3,0,Coimbatore,main,1,0,Clouds,0.0,32.6,68,324,8.3,100.0,2,Heavy
20,4,0,Madurai,main,1,0,Clear,0.0,31.0,76,264,13.3,88.0,2,Heavy
21,5,1,Madurai,secondary,0,0,Clear,0.0,30.4,54,66,24.3,36.7,1,Medium
12,5,1,Madurai,secondary,0,0,Clear,0.0,30.7,52,57,25.8,31.7,0,Low
11,1,0,Ooty,secondary,0,1,Clear,0.0,31.2,68,77,16.7,62.8,2,Heavy
20,3,0,Chennai,highway,2,0,Rain,5.7,25.6,80,480,13.3,100.0,3,Very Heavy
12,4,0,Trichy,highway,2,0,Clouds,0.0,32.4,52,193,51.4,42.9,1,Medium
17,3,0,Thanjavur,secondary,0,0,Clear,0.0,27.5,67,132,13.6,73.3,2,Heavy
20,0,0,Erode,highway,2,1,Drizzle,1.0,28.0,98,420,13.3,100.0,3,Very Heavy
7,2,0,Trichy,main,1,0,Clouds,0.0,24.2,58,25,46.5,8.3,0,Low
18,3,0,Ooty,secondary,0,0,Clear,0.0,29.6,56,113,16.7,62.8,2,Heavy
9,1,0,Trichy,main,1,0,Clear,0.0,26.9,47,226,18.6,75.3,2,Heavy
4,1,0,Thanjavur,main,1,0,Clouds,0.0,34.3,77,19,47.4,6.3,0,Low
7,3,0,Erode,highway,2,0,Clear,0.0,35.6,80,61,70.9,13.6,0,Low
22,5,1,Thanjavur,secondary,0,0,Clouds,0.0,33.6,72,58,25.6,32.2,1,Medium
13,2,0,Salem,main,1,0,Rain,18.0,35.8,81,179,22.1,66.9,2,Heavy
20,4,0,Madurai,highway,2,1,Rain,9.8,28.9,94,593,13.3,100.0,3,Very Heavy
23,6,1,Tirunelveli,secondary,0,0,Clear,0.0,30.7,56,49,27.1,27.2,0,Low
8,4,0,Chennai,main,1,0,Rain,6.6,32.7,87,362,8.3,100.0,3,Very Heavy
6,5,1,Vellore,highway,2,1,Clear,0.0,34.3,76,44,60.1,29.8,0,Low
10,6,1,Vellore,secondary,0,0,Clear,0.0,34.9,65,46,27.5,25.6,0,Low
8,5,1,Trichy,main,1,0,Clear,0.0,33.2,59,172,26.1,57.3,1,Medium
6,5,1,Tirunelveli,main,1,0,Clear,0.0,38.8,61,47,43.5,15.7,0,Low
11,3,0,Ooty,highway,2,1,Clear,0.0,25.2,66,252,29.3,76.0,2,Heavy
15,3,0,Ooty,highway,2,0,Clear,0.0,24.5,76,156,56.9,34.7,1,Medium
1,1,0,Chennai,highway,2,0,Rain,28.4,31.0,95,73,61.6,27.6,0,Low
8,0,0,Ooty,highway,2,0,Clear,0.0,31.7,70,263,41.1,58.4,2,Heavy
15,4,0,Erode,highway,2,1,Clear,0.0,34.0,75,265,27.4,78.9,2,Heavy
12,3,0,Madurai,highway,2,1,Clear,0.0,26.8,78,318,19.5,90.7,2,Heavy
9,5,1,Erode,main,1,0,Clear,0.0,32.0,64,136,31.1,45.3,1,Medium
10,0,0,Erode,main,1,0,Clear,0.0,27.2,66,171,26.2,57.0,1,Medium
15,2,0,Madurai,highway,2,0,Clouds,0.0,31.6,62,197,50.8,43.8,1,Medium
0,0,0,Salem,main,1,0,Clear,0.0,31.4,70,64,41.1,21.3,0,Low
12,4,0,Erode,main,1,0,Clear,0.0,28.0,50,110,34.7,36.7,1,Medium
23,2,0,Erode,secondary,0,1,Drizzle,1.4,37.7,85,84,15.4,67.2,2,Heavy
15,3,0,Trichy,highway,2,0,Rain,8.1,34.9,89,204,47.6,48.6,1,Medium
16,1,0,Ooty,secondary,0,0,Drizzle,0.1,28.6,76,75,22.8,41.7,1,Medium
0,2,0,Vellore,secondary,0,0,Rain,7.6,37.4,88,22,30.5,15.3,0,Low
23,6,1,Salem,highway,2,0,Clouds,0.0,38.4,80,165,55.5,36.7,1,Medium
20,3,0,Erode,main,1,1,Drizzle,0.7,29.0,85,304,8.3,100.0,2,Heavy
17,6,1,Trichy,main,1,0,Clear,0.0,32.0,70,145,29.9,48.3,1,Medium
19,6,1,Tuticorin,highway,2,0,Clouds,0.0,32.9,62,170,54.8,37.8,1,Medium
17,1,0,Ooty,secondary,0,1,Clear,0.0,33.2,71,193,8.0,100.0,2,Heavy
17,4,0,Trichy,secondary,0,0,Clear,0.0,24.3,62,113,16.7,62.8,2,Heavy
7,5,1,Tuticorin,main,1,0,Clear,0.0,35.0,75,40,44.5,13.3,0,Low
9,5,1,Tirunelveli,highway,2,0,Clouds,0.0,27.3,53,152,57.5,33.8,1,Medium
10,4,0,Chennai,highway,2,0,Clouds,0.0,28.2,54,381,23.5,84.7,3,Very Heavy
20,6,1,Chennai,highway,2,0,Drizzle,1.5,39.5,98,247,43.0,55.5,2,Heavy
14,4,0,Erode,main,1,0,Clouds,0.0,31.6,75,115,34.0,38.3,1,Medium
16,0,0,Coimbatore,secondary,0,0,Clear,0.0,34.4,61,87,20.9,48.3,1,Medium
8,4,0,Coimbatore,highway,2,1,Clear,0.0,30.1,56,662,13.3,100.0,3,Very Heavy
19,1,0,Madurai,highway,2,0,Clear,0.0,30.2,58,320,32.6,71.1,2,Heavy
17,3,0,Ooty,main,1,0,Clouds,0.0,31.4,70,170,26.4,56.7,1,Medium
18,5,1,Chennai,secondary,0,0,Drizzle,1.5,34.2,83,117,15.9,65.6,2,Heavy
20,5,1,Chennai,highway,2,0,Clear,0.0,28.6,63,228,46.2,50.7,2,Heavy
19,0,0,Salem,highway,2,0,Clouds,0.0,27.6,68,341,29.5,75.8,2,Heavy
12,2,0,Tuticorin,main,1,0,Clear,0.0,27.3,55,97,36.5,32.3,1,Medium
0,0,0,Tuticorin,highway,2,0,Clear,0.0,26.1,58,19,77.2,4.2,0,Low
9,3,0,Trichy,highway,2,0,Rain,12.6,33.8,88,378,20.7,89.0,3,Very Heavy
19,1,0,Chennai,main,1,0,Clear,0.0,33.5,65,288,10.0,96.0,2,Heavy
11,0,0,Salem,secondary,0,0,Clouds,0.0,34.2,80,65,24.5,36.1,1,Medium
8,5,1,Trichy,highway,2,0,Clouds,0.0,34.0,49,228,46.2,50.7,2,Heavy
13,1,0,Chennai,highway,2,0,Clear,0.0,34.1,68,256,42.1,56.9,2,Heavy
17,4,0,Erode,main,1,0,Rain,16.4,32.4,90,281,8.3,100.0,2,Heavy
19,3,0,Vellore,main,1,0,Clouds,0.0,26.5,56,192,23.3,64.0,2,Heavy
9,6,1,Ooty,secondary,0,0,Clear,0.0,34.7,54,46,27.5,25.6,0,Low
10,0,0,Madurai,highway,2,0,Rain,10.5,25.3,92,371,22.3,86.6,3,Very Heavy
17,1,0,Thanjavur,secondary,0,0,Clouds,0.0,27.0,49,88,20.7,48.9,1,Medium
7,3,0,Coimbatore,highway,2,0,Clear,0.0,35.2,80,81,68.0,18.0,0,Low
20,0,0,Chennai,secondary,0,1,Clear,0.0,34.0,63,257,8.0,100.0,2,Heavy
11,4,0,Tuticorin,highway,2,1,Rain,39.3,24.4,86,321,13.3,100.0,2,Heavy
7,1,0,Coimbatore,main,1,0,Clear,0.0,30.5,60,35,45.1,11.7,0,Low
19,1,0,Chennai,main,1,0,Clear,0.0,28.6,65,318,8.3,100.0,2,Heavy
20,5,1,Erode,highway,2,0,Clouds,0.0,25.4,57,165,55.5,36.7,1,Medium
14,4,0,Chennai,main,1,0,Clear,0.0,26.2,45,161,27.6,53.7,1,Medium
16,3,0,Chennai,main,1,0,Clear,0.0,32.8,65,182,24.7,60.7,2,Heavy
17,1,0,Salem,secondary,0,0,Clear,0.0,28.7,65,141,12.2,78.3,2,Heavy
10,1,0,Vellore,main,1,0,Rain,5.6,34.9,77,220,18.5,75.6,2,Heavy
7,4,0,Thanjavur,highway,2,0,Clear,0.0,28.9,55,22,76.7,4.9,0,Low
8,1,0,Tirunelveli,main,1,0,Clear,0.0,25.0,70,211,20.7,70.3,2,Heavy
12,6,1,Madurai,secondary,0,0,Clear,0.0,26.0,56,76,22.7,42.2,1,Medium
16,0,0,Ooty,main,1,1,Clear,0.0,28.8,51,170,18.0,76.7,2,Heavy
18,0,0,Ooty,secondary,0,0,Clouds,0.0,27.6,59,124,14.9,68.9,2,Heavy
19,0,0,Coimbatore,highway,2,1,Clear,0.0,34.8,77,665,13.3,100.0,3,Very Heavy
8,3,0,Tirunelveli,secondary,0,0,Clouds,0.0,27.0,64,120,15.5,66.7,2,Heavy
10,4,0,Coimbatore,secondary,0,0,Clouds,0.0,32.7,53,145,11.5,80.6,2,Heavy
15,4,0,Erode,highway,2,0,Clear,0.0,33.8,65,150,57.8,33.3,1,Medium
9,6,1,Ooty,main,1,0,Clouds,0.0,28.2,72,138,30.8,46.0,1,Medium
16,5,1,Madurai,highway,2,0,Drizzle,4.0,26.2,80,212,47.5,48.7,1,Medium
9,4,0,Coimbatore,highway,2,0,Clouds,0.0,40.3,63,414,18.7,92.0,3,Very Heavy
13,4,0,Coimbatore,highway,2,0,Clear,0.0,31.3,62,251,42.8,55.8,2,Heavy
17,0,0,Madurai,secondary,0,1,Rain,24.4,26.4,88,274,8.0,100.0,2,Heavy
0,0,0,Madurai,secondary,0,0,Clear,0.0,32.1,57,15,32.6,8.3,0,Low
16,2,0,Chennai,main,1,0,Clear,0.0,26.0,60,173,26.0,57.7,1,Medium
8,3,0,Thanjavur,secondary,0,0,Clear,0.0,26.2,48,127,14.4,70.6,2,Heavy
19,6,1,Erode,highway,2,0,Clouds,0.0,28.1,80,169,54.9,37.6,1,Medium
17,1,0,Tuticorin,main,1,0,Clear,0.0,32.3,50,209,21.0,69.7,2,Heavy
8,3,0,Thanjavur,main,1,0,Clear,0.0,26.7,51,178,25.3,59.3,1,Medium
18,1,0,Ooty,secondary,0,0,Drizzle,3.0,34.5,92,129,13.7,72.9,2,Heavy
20,3,0,Trichy,main,1,0,Rain,39.6,25.6,90,358,8.3,100.0,3,Very Heavy
21,3,0,Chennai,main,1,0,Drizzle,0.1,33.2,95,150,29.2,50.0,1,Medium
16,4,0,Madurai,highway,2,0,Clouds,0.0,32.2,60,197,50.8,43.8,1,Medium
21,0,0,Tuticorin,main,1,0,Clear,0.0,31.3,71,79,39.0,26.3,0,Low
10,5,1,Thanjavur,secondary,0,0,Rain,42.0,34.2,97,75,17.9,58.5,1,Medium
11,6,1,Erode,main,1,0,Clear,0.0,26.9,67,108,35.0,36.0,1,Medium
10,4,0,Vellore,highway,2,0,Drizzle,0.5,24.8,85,251,42.7,56.0,2,Heavy
16,0,0,Ooty,main,1,0,Rain,26.6,26.2,94,145,25.4,59.0,1,Medium
7,4,0,Ooty,main,1,0,Clouds,0.0,31.7,49,32,45.5,10.7,0,Low
15,4,0,Vellore,highway,2,1,Rain,9.0,27.0,96,288,21.6,87.6,2,Heavy
16,4,0,Tirunelveli,secondary,0,0,Clouds,0.0,38.8,57,57,25.8,31.7,0,Low
13,2,0,Coimbatore,main,1,0,Clouds,0.0,31.4,70,185,24.3,61.7,2,Heavy
9,4,0,Coimbatore,main,1,0,Clear,0.0,31.1,55,302,8.3,100.0,2,Heavy
22,0,0,Chennai,main,1,0,Clear,0.0,28.9,47,151,29.0,50.3,1,Medium
19,1,0,Chennai,highway,2,0,Clouds,0.0,30.0,51,412,18.9,91.6,3,Very Heavy
8,5,1,Tuticorin,secondary,0,0,Clear,0.0,32.2,79,89,20.6,49.4,1,Medium
19,5,1,Vellore,main,1,0,Clear,0.0,35.3,60,124,32.8,41.3,1,Medium
5,1,0,Tirunelveli,highway,2,1,Clouds,0.0,30.0,69,81,54.7,38.0,1,Medium
16,0,0,Tuticorin,main,1,0,Clouds,0.0,40.8,57,130,32.0,43.3,1,Medium
13,0,0,Salem,main,1,0,Clear,0.0,31.3,46,129,32.1,43.0,1,Medium
18,0,0,Erode,secondary,0,0,Clear,0.0,28.7,52,101,18.6,56.1,1,Medium
7,4,0,Salem,main,1,0,Clear,0.0,35.3,72,39,44.6,13.0,0,Low
21,3,0,Madurai,main,1,0,Rain,59.5,32.1,86,155,18.5,75.5,2,Heavy
10,3,0,Vellore,highway,2,0,Clear,0.0,28.2,45,274,39.4,60.9,2,Heavy
10,6,1,Ooty,secondary,0,0,Clear,0.0,28.9,69,92,20.1,51.1,1,Medium
16,4,0,Tirunelveli,main,1,0,Clear,0.0,29.1,59,119,33.5,39.7,1,Medium
9,5,1,Coimbatore,highway,2,0,Clear,0.0,32.7,48,234,45.3,52.0,2,Heavy
21,6,1,Ooty,highway,2,0,Clear,0.0,30.6,54,103,64.7,22.9,0,Low
15,4,0,Erode,main,1,0,Clear,0.0,24.4,65,125,32.6,41.7,1,Medium
8,6,1,Ooty,main,1,0,Clear,0.0,35.5,70,127,32.4,42.3,1,Medium
6,0,0,Tirunelveli,secondary,0,0,Clear,0.0,32.0,48,15,32.6,8.3,0,Low
10,3,0,Vellore,main,1,0,Clear,0.0,34.7,54,215,20.1,71.7,2,Heavy
19,6,1,Salem,highway,2,0,Clear,0.0,28.9,74,219,47.5,48.7,1,Medium
10,3,0,Trichy,highway,2,1,Clear,0.0,26.8,78,554,13.3,100.0,3,Very Heavy
8,6,1,Coimbatore,secondary,0,0,Clouds,0.0,27.1,72,112,16.9,62.2,2,Heavy
18,4,0,Thanjavur,highway,2,0,Clear,0.0,28.9,75,269,40.1,59.8,2,Heavy
10,0,0,Erode,highway,2,0,Clear,0.0,37.3,71,254,42.4,56.4,2,Heavy
18,6,1,Trichy,main,1,0,Clear,0.0,32.9,51,142,30.3,47.3,1,Medium
19,3,0,Salem,main,1,0,Clear,0.0,30.0,55,227,18.5,75.7,2,Heavy
8,3,0,Salem,highway,2,0,Clear,0.0,30.3,69,327,31.5,72.7,2,Heavy
15,4,0,Chennai,secondary,0,1,Drizzle,0.9,31.5,94,161,8.0,100.0,2,Heavy
1,1,0,Trichy,secondary,0,0,Rain,9.7,27.3,77,27,29.5,18.9,0,Low
9,2,0,Ooty,secondary,0,0,Clouds,0.0,29.0,77,131,13.8,72.8,2,Heavy
17,4,0,Ooty,secondary,0,0,Clouds,0.0,39.8,68,104,18.1,57.8,1,Medium
15,6,1,Ooty,secondary,0,0,Clear,0.0,26.7,48,85,21.2,47.2,1,Medium
17,4,0,Tuticorin,main,1,1,Clouds,0.0,25.4,49,320,8.3,100.0,2,Heavy
16,6,1,Trichy,secondary,0,0,Clear,0.0,35.7,78,76,22.7,42.2,1,Medium
18,1,0,Coimbatore,main,1,0,Clouds,0.0,27.0,70,288,10.0,96.0,2,Heavy
2,4,0,Trichy,secondary,0,0,Clouds,0.0,31.8,52,37,29.0,20.6,0,Low
6,2,0,Vellore,secondary,0,0,Rain,41.8,28.3,94,45,22.8,41.7,1,Medium
19,6,1,Tuticorin,secondary,0,0,Rain,8.9,27.5,85,79,21.2,47.4,1,Medium
8,6,1,Erode,secondary,0,0,Clear,0.0,30.2,77,88,20.7,48.9,1,Medium
0,6,1,Vellore,secondary,0,0,Clouds,0.0,24.0,46,29,30.3,16.1,0,Low
6,1,0,Trichy,secondary,0,0,Clear,0.0,34.7,64,20,31.8,11.1,0,Low
17,0,0,Coimbatore,highway,2,0,Rain,11.9,29.4,92,470,13.3,100.0,3,Very Heavy
9,0,0,Coimbatore,highway,2,0,Clear,0.0,29.4,70,422,17.5,93.8,3,Very Heavy
8,6,1,Thanjavur,main,1,0,Rain,14.3,29.5,97,160,25.4,59.1,1,Medium
15,1,0,Tuticorin,main,1,0,Rain,7.3,36.9,75,139,29.5,49.3,1,Medium
6,5,1,Tirunelveli,main,1,0,Rain,11.9,39.5,85,36,43.0,16.8,0,Low
13,1,0,Trichy,secondary,0,0,Rain,10.5,33.2,87,92,18.9,55.3,1,Medium
4,1,0,Ooty,secondary,0,0,Clouds,0.0,31.4,46,19,31.9,10.6,0,Low
12,2,0,Ooty,main,1,0,Rain,27.8,28.6,83,173,21.3,68.8,2,Heavy
6,0,0,Ooty,main,1,0,Clear,0.0,30.0,58,47,43.5,15.7,0,Low
19,0,0,Salem,main,1,1,Clear,0.0,35.4,79,385,8.3,100.0,3,Very Heavy
7,3,0,Chennai,main,1,0,Clear,0.0,28.6,51,42,44.2,14.0,0,Low
14,4,0,Vellore,highway,2,0,Clear,0.0,31.8,46,128,61.1,28.4,1,Medium
12,5,1,Erode,main,1,0,Clear,0.0,24.4,45,122,33.0,40.7,1,Medium
14,6,1,Salem,secondary,0,0,Clouds,0.0,32.6,52,104,18.1,57.8,1,Medium
18,3,0,Tirunelveli,secondary,0,0,Clear,0.0,35.7,57,118,15.9,65.6,2,Heavy
18,6,1,Thanjavur,highway,2,0,Clear,0.0,35.5,47,174,54.2,38.7,1,Medium
20,4,0,Thanjavur,secondary,0,0,Clouds,0.0,28.2,67,97,19.3,53.9,1,Medium
9,3,0,Trichy,main,1,0,Drizzle,0.6,26.1,97,223,18.9,74.6,2,Heavy
21,2,0,Tuticorin,highway,2,0,Clear,0.0,27.3,46,101,65.1,22.4,0,Low
18,0,0,Tirunelveli,main,1,0,Drizzle,4.0,39.8,82,208,20.5,70.9,2,Heavy
16,3,0,Chennai,secondary,0,1,Clear,0.0,33.1,49,162,8.0,100.0,2,Heavy
9,4,0,Tuticorin,secondary,0,0,Clouds,0.0,32.4,60,86,21.1,47.8,1,Medium
17,2,0,Tuticorin,main,1,0,Rain,36.0,31.4,83,266,8.3,100.0,2,Heavy
17,4,0,Chennai,secondary,0,0,Clear,0.0,27.8,71,148,11.0,82.2,2,Heavy
18,1,0,Vellore,main,1,0,Clear,0.0,31.1,58,203,21.8,67.7,2,Heavy
3,2,0,Tuticorin,highway,2,0,Clear,0.0,26.1,58,52,72.3,11.6,0,Low
17,1,0,Erode,main,1,0,Rain,26.5,33.8,85,252,10.6,94.6,2,Heavy
17,0,0,Erode,main,1,0,Clear,0.0,26.7,46,207,21.3,69.0,2,Heavy
5,3,0,Tirunelveli,highway,2,0,Clear,0.0,30.6,45,57,71.5,12.7,0,Low
8,6,1,Vellore,highway,2,1,Clear,0.0,28.0,55,258,28.5,77.3,2,Heavy
17,3,0,Tuticorin,highway,2,0,Rain,7.3,26.2,78,289,35.3,67.1,2,Heavy
18,5,1,Tirunelveli,secondary,0,0,Clear,0.0,35.9,55,46,27.5,25.6,0,Low
13,2,0,Vellore,highway,2,1,Clouds,0.0,28.9,59,266,27.3,79.1,2,Heavy
11,0,0,Madurai,highway,2,1,Rain,11.6,30.3,81,347,13.3,100.0,3,Very Heavy
21,5,1,Coimbatore,highway,2,0,Drizzle,3.9,29.4,89,189,50.9,43.6,1,Medium
16,1,0,Madurai,main,1,0,Clear,0.0,30.4,65,149,29.3,49.7,1,Medium
16,4,0,Erode,highway,2,0,Clear,0.0,33.8,53,170,54.8,37.8,1,Medium
15,0,0,Tirunelveli,secondary,0,0,Drizzle,2.5,27.1,96,72,23.0,41.0,1,Medium
8,3,0,Tuticorin,highway,2,0,Clouds,0.0,28.6,79,269,40.1,59.8,2,Heavy
17,1,0,Erode,secondary,0,0,Rain,7.5,31.0,75,116,15.3,67.4,2,Heavy
9,4,0,Salem,main,1,0,Clouds,0.0,23.9,50,225,18.8,75.0,2,Heavy
16,4,0,Vellore,main,1,0,Rain,5.2,31.7,87,151,28.2,52.4,1,Medium
11,5,1,Thanjavur,highway,2,0,Clear,0.0,25.2,59,153,57.3,34.0,1,Medium
21,0,0,Salem,main,1,0,Clear,0.0,28.7,78,99,36.2,33.0,1,Medium
19,1,0,Madurai,secondary,0,0,Clouds,0.0,29.6,54,134,13.3,74.4,2,Heavy
18,0,0,Chennai,highway,2,1,Clouds,0.0,33.4,60,645,13.3,100.0,3,Very Heavy
16,4,0,Vellore,highway,2,0,Clear,0.0,27.2,50,126,61.3,28.0,1,Medium
21,6,1,Chennai,secondary,0,0,Clouds,0.0,27.4,54,83,21.6,46.1,1,Medium
17,4,0,Trichy,main,1,0,Clouds,0.0,27.9,74,247,15.7,82.3,2,Heavy
18,2,0,Chennai,secondary,0,0,Clear,0.0,41.0,80,167,8.0,92.8,2,Heavy
5,4,0,Trichy,highway,2,0,Rain,10.5,23.9,88,44,70.7,14.0,0,Low
6,0,0,Trichy,main,1,0,Clear,0.0,32.9,80,37,44.9,12.3,0,Low
18,6,1,Thanjavur,highway,2,0,Drizzle,1.0,38.9,83,179,53.2,40.2,1,Medium
11,2,0,Chennai,highway,2,0,Rain,44.0,29.8,85,328,19.7,90.5,2,Heavy
9,4,0,Tuticorin,secondary,0,0,Rain,51.4,28.7,79,126,8.6,90.6,2,Heavy
7,5,1,Chennai,secondary,0,0,Clouds,0.0,28.5,79,15,32.6,8.3,0,Low
8,3,0,Madurai,secondary,0,0,Rain,14.4,24.1,87,166,8.0,98.0,2,Heavy
20,3,0,Tirunelveli,secondary,0,0,Rain,9.2,38.7,82,121,14.3,70.9,2,Heavy
12,1,0,Ooty,highway,2,0,Drizzle,4.4,26.9,84,165,54.4,38.4,1,Medium
21,4,0,Coimbatore,secondary,0,0,Rain,20.2,30.5,88,118,13.5,73.6,2,Heavy
22,2,0,Madurai,secondary,0,0,Clear,0.0,23.3,70,67,24.1,37.2,1,Medium
8,2,0,Tuticorin,highway,2,1,Rain,13.9,28.4,92,460,13.3,100.0,3,Very Heavy
2,5,1,Vellore,highway,2,0,Clear,0.0,23.7,72,19,77.2,4.2,0,Low
21,5,1,Ooty,main,1,0,Clear,0.0,39.0,65,110,34.7,36.7,1,Medium
11,0,0,Salem,main,1,0,Drizzle,2.1,34.6,89,133,31.2,45.2,1,Medium
11,0,0,Ooty,main,1,0,Clear,0.0,33.4,68,128,32.2,42.7,1,Medium
10,6,1,Trichy,secondary,0,0,Clear,0.0,36.0,71,95,19.6,52.8,1,Medium
21,6,1,Madurai,highway,2,0,Clear,0.0,35.9,56,158,56.6,35.1,1,Medium
17,3,0,Erode,main,1,0,Clear,0.0,30.8,53,208,21.1,69.3,2,Heavy
19,3,0,Vellore,main,1,0,Clear,0.0,34.3,63,211,20.7,70.3,2,Heavy
5,1,0,Madurai,secondary,0,1,Clouds,0.0,33.3,51,47,21.6,46.1,1,Medium
22,1,0,Vellore,main,1,0,Clear,0.0,33.3,64,111,34.6,37.0,1,Medium
8,0,0,Erode,secondary,0,0,Clear,0.0,33.5,61,93,19.9,51.7,1,Medium
15,1,0,Tirunelveli,main,1,0,Clear,0.0,26.9,63,95,36.8,31.7,0,Low
17,3,0,Coimbatore,secondary,0,0,Clear,0.0,34.6,74,170,8.0,94.4,2,Heavy
9,5,1,Trichy,main,1,0,Clouds,0.0,28.8,77,163,27.4,54.3,1,Medium
15,3,0,Thanjavur,main,1,0,Clear,0.0,27.0,46,94,37.0,31.3,0,Low
6,6,1,Chennai,highway,2,0,Clouds,0.0,32.1,50,43,73.6,9.6,0,Low
12,2,0,Coimbatore,secondary,0,0,Rain,29.0,27.0,82,113,13.3,74.4,2,Heavy
11,0,0,Ooty,secondary,0,1,Clear,0.0,31.5,51,112,11.0,82.2,2,Heavy
20,0,0,Tuticorin,secondary,0,0,Rain,20.7,28.1,75,150,8.3,91.6,2,Heavy
7,5,1,Coimbatore,highway,2,0,Clear,0.0,33.8,80,48,72.9,10.7,0,Low
20,1,0,Ooty,main,1,0,Clouds,0.0,32.8,48,206,21.4,68.7,2,Heavy
19,5,1,Ooty,main,1,0,Clear,0.0,26.8,45,124,32.8,41.3,1,Medium
10,1,0,Tirunelveli,highway,2,1,Clear,0.0,29.9,80,417,13.3,100.0,3,Very Heavy
0,1,0,Thanjavur,secondary,0,0,Clear,0.0,30.2,74,20,31.8,11.1,0,Low
17,0,0,Chennai,secondary,0,1,Clear,0.0,24.6,54,281,8.0,100.0,2,Heavy
23,2,0,Tuticorin,secondary,0,0,Clear,0.0,28.3,76,52,26.6,28.9,0,Low
19,0,0,Erode,secondary,0,0,Rain,35.9,33.2,98,143,8.0,93.8,2,Heavy
19,4,0,Tirunelveli,main,1,0,Clear,0.0,33.7,63,182,24.7,60.7,2,Heavy
8,6,1,Erode,highway,2,0,Clear,0.0,33.6,69,172,54.5,38.2,1,Medium
9,5,1,Tirunelveli,main,1,0,Clear,0.0,32.2,67,103,35.7,34.3,1,Medium
19,2,0,Trichy,secondary,0,0,Clear,0.0,28.9,50,139,12.5,77.2,2,Heavy
11,0,0,Salem,highway,2,0,Clouds,0.0,34.9,78,178,53.6,39.6,1,Medium
17,5,1,Salem,highway,2,0,Clear,0.0,34.6,53,213,48.5,47.3,1,Medium
2,2,0,Coimbatore,highway,2,0,Clouds,0.0,29.2,49,56,71.7,12.4,0,Low
7,0,0,Chennai,highway,2,0,Clouds,0.0,33.0,80,67,70.1,14.9,0,Low
17,4,0,Trichy,highway,2,0,Rain,15.5,33.6,75,429,13.3,100.0,3,Very Heavy
12,6,1,Salem,main,1,0,Clouds,0.0,27.2,72,149,29.3,49.7,1,Medium
10,5,1,Trichy,secondary,0,0,Rain,11.4,35.1,89,95,18.3,57.3,1,Medium
9,2,0,Coimbatore,highway,2,1,Clear,0.0,24.2,66,660,13.3,100.0,3,Very Heavy
18,3,0,Chennai,secondary,0,0,Rain,6.5,33.9,84,195,8.0,100.0,2,Heavy
12,3,0,Tirunelveli,main,1,1,Rain,32.4,26.3,78,232,8.3,100.0,2,Heavy
13,2,0,Chennai,secondary,0,0,Clouds,0.0,33.5,79,103,18.3,57.2,1,Medium
5,0,0,Ooty,secondary,0,0,Clouds,0.0,34.9,46,15,32.6,8.3,0,Low
14,2,0,Coimbatore,main,1,0,Rain,24.1,27.5,80,234,13.5,87.6,2,Heavy
17,3,0,Salem,main,1,0,Clouds,0.0,30.5,64,250,15.3,83.3,2,Heavy
0,5,1,Salem,highway,2,0,Clouds,0.0,33.1,49,51,72.5,11.3,0,Low
15,3,0,Trichy,secondary,0,0,Clear,0.0,31.3,53,101,18.6,56.1,1,Medium
16,3,0,Thanjavur,main,1,1,Drizzle,0.6,30.9,91,193,14.8,84.6,2,Heavy
8,5,1,Ooty,highway,2,0,Drizzle,0.3,33.8,75,138,59.5,30.8,1,Medium
21,4,0,Ooty,secondary,0,0,Clouds,0.0,29.3,50,52,26.6,28.9,0,Low
18,2,0,Erode,main,1,0,Clear,0.0,30.7,73,207,21.3,69.0,2,Heavy
17,2,0,Vellore,main,1,0,Rain,5.7,39.5,97,213,19.5,73.3,2,Heavy
7,1,0,Thanjavur,main,1,0,Clear,0.0,28.1,53,15,47.9,5.0,0,Low
21,1,0,Madurai,highway,2,0,Rain,20.0,34.3,89,220,42.1,56.9,2,Heavy
16,3,0,Vellore,main,1,0,Clear,0.0,31.4,55,95,36.8,31.7,0,Low
19,3,0,Salem,main,1,0,Rain,52.4,29.7,78,347,8.3,100.0,3,Very Heavy
15,6,1,Chennai,highway,2,1,Clouds,0.0,35.8,71,401,13.3,100.0,3,Very Heavy
7,2,0,Thanjavur,highway,2,0,Clear,0.0,31.5,49,22,76.7,4.9,0,Low
19,6,1,Vellore,main,1,0,Drizzle,2.0,30.5,81,145,29.5,49.1,1,Medium
17,0,0,Chennai,main,1,0,Rain,10.8,32.0,89,339,8.3,100.0,2,Heavy
8,0,0,Erode,secondary,0,0,Clouds,0.0,35.2,72,83,21.6,46.1,1,Medium
21,0,0,Thanjavur,highway,2,0,Rain,5.8,24.3,76,133,58.7,31.9,1,Medium
16,4,0,Tuticorin,secondary,0,0,Rain,42.0,32.5,94,89,15.7,66.2,2,Heavy
8,6,1,Madurai,main,1,0,Rain,22.2,28.2,87,225,15.0,83.9,2,Heavy
22,4,0,Chennai,main,1,0,Clear,0.0,32.5,71,123,32.9,41.0,1,Medium
15,2,0,Vellore,highway,2,0,Clear,0.0,38.0,68,158,56.6,35.1,1,Medium
10,0,0,Thanjavur,main,1,0,Clouds,0.0,26.2,71,171,26.2,57.0,1,Medium
17,0,0,Thanjavur,highway,2,0,Clear,0.0,23.6,55,257,41.9,57.1,2,Heavy
16,2,0,Salem,highway,2,0,Rain,21.9,31.9,82,245,37.9,63.2,2,Heavy
9,1,0,Tirunelveli,highway,2,0,Rain,7.6,34.1,79,314,31.5,72.8,2,Heavy
19,0,0,Tirunelveli,main,1,0,Clear,0.0,34.0,66,212,20.5,70.7,2,Heavy
19,4,0,Chennai,highway,2,0,Clear,0.0,33.6,58,393,21.8,87.3,3,Very Heavy
9,1,0,Trichy,highway,2,0,Rain,6.4,26.3,92,391,20.4,89.4,3,Very Heavy
9,1,0,Thanjavur,secondary,0,0,Drizzle,3.8,30.6,93,132,13.2,74.9,2,Heavy
11,6,1,Tirunelveli,secondary,0,1,Clear,0.0,24.9,48,106,12.0,78.9,2,Heavy
6,3,0,Erode,highway,2,0,Drizzle,0.7,34.2,75,56,71.5,12.7,0,Low
6,1,0,Salem,secondary,0,0,Clear,0.0,30.5,53,42,28.2,23.3,0,Low
13,1,0,Trichy,highway,2,0,Rain,24.0,26.8,83,244,37.5,63.8,2,Heavy
16,3,0,Ooty,secondary,0,0,Clouds,0.0,34.7,46,66,24.3,36.7,1,Medium
0,4,0,Trichy,highway,2,0,Clear,0.0,27.4,62,33,75.1,7.3,0,Low
17,0,0,Trichy,highway,2,0,Clear,0.0,33.0,45,352,27.9,78.2,2,Heavy
15,0,0,Madurai,highway,2,0,Rain,20.1,35.3,89,272,34.3,68.5,2,Heavy
7,3,0,Vellore,secondary,0,0,Clear,0.0,23.7,53,27,30.6,15.0,0,Low
18,5,1,Trichy,secondary,0,0,Clear,0.0,28.9,52,61,25.1,33.9,1,Medium
13,0,0,Salem,secondary,0,0,Clouds,0.0,34.8,57,103,18.3,57.2,1,Medium
16,4,0,Madurai,secondary,0,0,Clear,0.0,30.7,48,89,20.6,49.4,1,Medium
21,2,0,Ooty,main,1,0,Clouds,0.0,31.3,67,111,34.6,37.0,1,Medium
22,2,0,Thanjavur,highway,2,0,Clouds,0.0,23.1,70,125,61.5,27.8,1,Medium
13,5,1,Salem,main,1,0,Rain,85.0,29.9,81,210,8.3,100.0,2,Heavy
11,6,1,Tirunelveli,secondary,0,0,Rain,68.3,30.0,80,60,17.3,60.7,2,Heavy
8,5,1,Coimbatore,secondary,0,1,Rain,9.7,26.6,84,203,8.0,100.0,2,Heavy
15,2,0,Erode,highway,2,1,Clouds,0.0,28.5,55,233,32.1,71.8,2,Heavy
15,1,0,Coimbatore,main,1,0,Clear,0.0,29.7,71,179,25.1,59.7,1,Medium
12,0,0,Chennai,highway,2,0,Clouds,0.0,34.0,48,222,47.1,49.3,2,Heavy
13,2,0,Madurai,highway,2,1,Rain,17.6,23.4,77,440,13.3,100.0,3,Very Heavy
8,2,0,Coimbatore,secondary,0,0,Rain,34.8,34.4,84,206,8.0,100.0,2,Heavy
8,6,1,Coimbatore,secondary,0,1,Clear,0.0,30.9,78,145,8.0,100.0,2,Heavy
9,0,0,Tirunelveli,main,1,0,Clouds,0.0,30.0,75,194,23.0,64.7,2,Heavy
17,5,1,Salem,highway,2,1,Clear,0.0,33.0,74,311,20.6,89.1,2,Heavy
17,6,1,Vellore,main,1,0,Clouds,0.0,27.1,57,137,31.0,45.7,1,Medium
9,0,0,Tuticorin,main,1,0,Clear,0.0,28.8,51,187,24.0,62.3,2,Heavy
8,1,0,Coimbatore,secondary,0,0,Clear,0.0,30.2,68,191,8.0,100.0,2,Heavy
19,1,0,Chennai,main,1,0,Clouds,0.0,39.7,47,281,11.0,93.7,2,Heavy
19,0,0,Vellore,main,1,0,Clear,0.0,31.6,76,180,25.0,60.0,2,Heavy
8,1,0,Salem,secondary,0,0,Clear,0.0,35.5,62,127,14.4,70.6,2,Heavy
12,2,0,Salem,main,1,0,Clear,0.0,36.0,73,129,32.1,43.0,1,Medium
18,2,0,Tirunelveli,main,1,0,Clear,0.0,23.3,71,213,20.4,71.0,2,Heavy
8,3,0,Vellore,highway,2,0,Clear,0.0,24.8,45,255,42.2,56.7,2,Heavy
13,2,0,Ooty,main,1,0,Clouds,0.0,32.0,65,90,37.5,30.0,0,Low
13,0,0,Tuticorin,highway,2,0,Clouds,0.0,33.2,71,155,57.1,34.4,1,Medium
9,1,0,Thanjavur,secondary,0,0,Clouds,0.0,34.4,79,105,18.0,58.3,1,Medium
20,6,1,Erode,main,1,0,Clear,0.0,35.2,59,146,29.7,48.7,1,Medium
17,5,1,Coimbatore,main,1,0,Clouds,0.0,27.5,47,194,23.0,64.7,2,Heavy
19,0,0,Madurai,secondary,0,0,Clear,0.0,28.9,80,128,14.3,71.1,2,Heavy
18,3,0,Tirunelveli,main,1,0,Clear,0.0,35.1,60,206,21.4,68.7,2,Heavy
8,3,0,Thanjavur,highway,2,0,Clear,0.0,33.9,70,241,44.3,53.6,2,Heavy
8,1,0,Thanjavur,highway,2,0,Clouds,0.0,32.1,62,283,38.1,62.9,2,Heavy
14,4,0,Thanjavur,main,1,0,Clear,0.0,33.5,47,124,32.8,41.3,1,Medium
10,6,1,Erode,highway,2,0,Clouds,0.0,35.9,77,138,59.5,30.7,1,Medium
10,0,0,Tirunelveli,secondary,0,1,Rain,22.7,24.1,79,215,8.0,100.0,2,Heavy
9,6,1,Vellore,highway,2,0,Clouds,0.0,32.8,79,165,55.5,36.7,1,Medium
11,1,0,Chennai,main,1,1,Clear,0.0,35.4,45,294,8.3,100.0,2,Heavy
18,4,0,Tuticorin,highway,2,0,Clouds,0.0,26.9,79,269,40.1,59.8,2,Heavy
17,6,1,Madurai,main,1,0,Clouds,0.0,35.2,74,164,27.2,54.7,1,Medium
16,1,0,Erode,main,1,0,Drizzle,3.4,33.0,97,122,32.5,42.0,1,Medium
9,0,0,Ooty,secondary,0,0,Rain,7.2,30.9,96,137,12.0,79.0,2,Heavy
9,6,1,Chennai,highway,2,1,Clear,0.0,26.0,73,389,13.3,100.0,3,Very Heavy
10,4,0,Coimbatore,secondary,0,1,Clear,0.0,36.0,78,257,8.0,100.0,2,Heavy
17,2,0,Thanjavur,secondary,0,0,Drizzle,1.7,29.3,79,127,14.2,71.2,2,Heavy
6,5,1,Ooty,secondary,0,0,Clear,0.0,29.8,45,34,29.5,18.9,0,Low
8,0,0,Salem,secondary,0,0,Clear,0.0,37.2,48,129,14.1,71.7,2,Heavy
16,6,1,Tuticorin,secondary,0,0,Rain,37.0,29.2,89,67,19.8,52.0,1,Medium
21,1,0,Vellore,highway,2,0,Clear,0.0,31.1,48,127,61.2,28.2,1,Medium
16,6,1,Chennai,secondary,0,0,Clear,0.0,30.1,55,84,21.4,46.7,1,Medium
19,6,1,Ooty,main,1,0,Rain,11.2,30.6,75,147,27.7,53.5,1,Medium
15,2,0,Thanjavur,secondary,0,0,Clear,0.0,26.4,62,38,28.8,21.1,0,Low
17,5,1,Erode,secondary,0,0,Drizzle,3.1,26.2,90,50,26.5,29.0,0,Low
3,1,0,Chennai,secondary,0,0,Clouds,0.0,30.2,56,46,27.5,25.6,0,Low
9,2,0,Salem,main,1,0,Rain,13.4,25.7,83,293,8.3,100.0,2,Heavy
20,0,0,Ooty,main,1,0,Clear,0.0,32.6,54,192,23.3,64.0,2,Heavy
16,4,0,Trichy,main,1,0,Clear,0.0,31.5,60,136,31.1,45.3,1,Medium
12,6,1,Tuticorin,main,1,0,Rain,11.6,23.0,89,153,26.8,55.6,1,Medium
11,1,0,Salem,highway,2,1,Rain,5.3,29.1,97,346,14.0,99.0,3,Very Heavy
17,6,1,Thanjavur,highway,2,0,Clouds,0.0,34.7,46,181,53.2,40.2,1,Medium
15,0,0,Salem,secondary,0,0,Clear,0.0,34.1,76,100,18.8,55.6,1,Medium
8,1,0,Erode,main,1,0,Clear,0.0,32.2,74,202,22.0,67.3,2,Heavy
15,1,0,Erode,main,1,0,Clear,0.0,30.6,56,104,35.5,34.7,1,Medium
14,1,0,Madurai,secondary,0,0,Drizzle,1.4,30.2,87,59,25.3,33.3,1,Medium
15,1,0,Vellore,secondary,0,0,Clear,0.0,33.4,54,88,20.7,48.9,1,Medium
8,6,1,Thanjavur,highway,2,0,Clear,0.0,33.1,80,165,55.5,36.7,1,Medium
11,6,1,Tuticorin,highway,2,0,Clear,0.0,31.2,78,142,58.9,31.6,1,Medium
7,1,0,Tuticorin,highway,2,0,Clear,0.0,24.0,50,18,77.3,4.0,0,Low
20,2,0,Chennai,highway,2,0,Clouds,0.0,31.6,74,417,18.2,92.7,3,Very Heavy
17,5,1,Coimbatore,main,1,1,Clear,0.0,27.2,49,290,8.3,100.0,2,Heavy
14,1,0,Thanjavur,secondary,0,0,Rain,13.4,27.9,93,74,21.4,46.5,1,Medium
19,3,0,Ooty,main,1,0,Clear,0.0,30.1,53,208,21.1,69.3,2,Heavy
5,1,0,Ooty,highway,2,0,Rain,8.8,35.9,90,51,70.1,14.9,0,Low
16,2,0,Tuticorin,highway,2,0,Clouds,0.0,35.8,79,128,61.1,28.4,1,Medium
12,1,0,Ooty,main,1,0,Clear,0.0,30.1,45,94,37.0,31.3,0,Low
15,3,0,Thanjavur,main,1,0,Clouds,0.0,26.1,63,103,35.7,34.3,1,Medium
9,5,1,Salem,main,1,0,Rain,17.8,30.8,81,223,16.0,81.5,2,Heavy
7,0,0,Tirunelveli,main,1,0,Clear,0.0,35.7,49,15,47.9,5.0,0,Low
6,4,0,Trichy,main,1,0,Rain,8.8,29.7,85,69,39.0,26.5,0,Low
17,4,0,Tuticorin,secondary,0,0,Clear,0.0,33.3,47,101,18.6,56.1,1,Medium
19,2,0,Salem,main,1,1,Clear,0.0,33.5,72,406,8.3,100.0,3,Very Heavy
18,2,0,Erode,highway,2,0,Clear,0.0,33.6,65,238,44.7,52.9,2,Heavy
3,5,1,Vellore,secondary,0,0,Clear,0.0,35.6,75,15,32.6,8.3,0,Low
10,2,0,Thanjavur,secondary,0,0,Clear,0.0,33.9,49,83,21.6,46.1,1,Medium
15,0,0,Tirunelveli,main,1,0,Rain,22.9,25.1,89,173,22.2,66.8,2,Heavy
17,1,0,Tuticorin,main,1,1,Rain,9.6,23.4,87,363,8.3,100.0,3,Very Heavy
5,0,0,Vellore,highway,2,0,Clear,0.0,25.5,64,52,72.3,11.6,0,Low
23,1,0,Salem,highway,2,0,Rain,9.9,29.4,77,150,55.1,37.3,1,Medium
15,3,0,Ooty,highway,2,0,Clear,0.0,35.2,60,160,56.3,35.6,1,Medium
17,2,0,Thanjavur,main,1,0,Clear,0.0,24.2,79,189,23.8,63.0,2,Heavy
17,0,0,Madurai,secondary,0,0,Clouds,0.0,33.2,58,134,13.3,74.4,2,Heavy
8,1,0,Erode,highway,2,1,Rain,25.1,27.0,75,566,13.3,100.0,3,Very Heavy
13,4,0,Chennai,main,1,0,Clear,0.0,23.3,47,194,23.0,64.7,2,Heavy
17,0,0,Coimbatore,secondary,0,0,Clouds,0.0,26.8,63,155,9.9,86.1,2,Heavy
18,3,0,Ooty,highway,2,0,Clear,0.0,29.4,66,259,41.6,57.6,2,Heavy
16,0,0,Trichy,highway,2,1,Rain,6.2,31.0,84,373,13.3,100.0,3,Very Heavy
7,2,0,Ooty,highway,2,0,Clear,0.0,28.7,75,63,70.7,14.0,0,Low
13,5,1,Salem,main,1,0,Clouds,0.0,35.0,53,124,32.8,41.3,1,Medium
9,5,1,Vellore,highway,2,0,Clear,0.0,30.2,60,187,52.3,41.6,1,Medium
23,1,0,Vellore,main,1,0,Clouds,0.0,29.6,69,64,41.1,21.3,0,Low
11,5,1,Madurai,secondary,0,1,Clouds,0.0,26.1,80,127,8.6,90.6,2,Heavy
5,6,1,Thanjavur,main,1,0,Clear,0.0,26.1,60,15,47.9,5.0,0,Low
14,5,1,Madurai,secondary,0,0,Clear,0.0,31.9,45,55,26.1,30.6,0,Low
4,0,0,Trichy,secondary,0,0,Clear,0.0,27.4,46,36,29.2,20.0,0,Low
8,1,0,Salem,main,1,0,Clear,0.0,27.1,68,264,13.3,88.0,2,Heavy
4,4,0,Madurai,main,1,0,Drizzle,1.7,25.8,89,47,43.2,16.3,0,Low
10,6,1,Salem,secondary,0,0,Drizzle,0.4,33.1,85,96,19.4,53.5,1,Medium
17,2,0,Tuticorin,main,1,0,Clear,0.0,31.5,80,193,23.2,64.3,2,Heavy
11,1,0,Tirunelveli,secondary,0,0,Clouds,0.0,31.7,70,48,27.2,26.7,0,Low
11,0,0,Tuticorin,secondary,0,0,Clear,0.0,28.3,71,64,24.6,35.6,1,Medium
19,2,0,Coimbatore,main,1,1,Rain,16.9,34.6,89,637,8.3,100.0,3,Very Heavy
1,1,0,Erode,main,1,0,Clear,0.0,34.1,68,19,47.4,6.3,0,Low
6,1,0,Ooty,highway,2,0,Rain,11.6,29.5,90,44,70.4,14.4,0,Low
10,3,0,Erode,highway,2,0,Rain,14.6,23.6,84,288,33.5,69.8,2,Heavy
10,4,0,Tuticorin,main,1,0,Clear,0.0,37.5,68,189,23.8,63.0,2,Heavy
5,5,1,Vellore,secondary,0,0,Clear,0.0,31.3,78,20,31.8,11.1,0,Low
12,1,0,Salem,secondary,0,0,Drizzle,2.9,27.9,82,75,22.5,42.8,1,Medium
9,5,1,Tuticorin,main,1,0,Clear,0.0,26.5,68,107,35.1,35.7,1,Medium
17,6,1,Trichy,secondary,0,0,Clouds,0.0,34.1,60,67,24.1,37.2,1,Medium
8,4,0,Tuticorin,highway,2,0,Drizzle,1.8,37.6,79,272,39.2,61.2,2,Heavy
18,1,0,Vellore,highway,2,0,Clear,0.0,34.7,61,242,44.1,53.8,2,Heavy
18,6,1,Tirunelveli,highway,2,0,Clear,0.0,30.4,56,152,57.5,33.8,1,Medium
8,5,1,Tuticorin,secondary,0,0,Drizzle,0.2,28.4,79,53,26.4,29.5,0,Low
7,5,1,Chennai,secondary,0,0,Clear,0.0,28.9,56,16,32.4,8.9,0,Low
17,4,0,Salem,main,1,0,Clear,0.0,25.6,75,228,18.3,76.0,2,Heavy
17,1,0,Tirunelveli,main,1,0,Clear,0.0,32.1,72,173,26.0,57.7,1,Medium
21,0,0,Trichy,secondary,0,0,Clouds,0.0,28.1,63,47,27.4,26.1,0,Low
23,5,1,Madurai,main,1,0,Clear,0.0,26.8,58,134,31.4,44.7,1,Medium
21,3,0,Thanjavur,secondary,0,0,Rain,5.2,26.0,89,66,23.7,38.7,1,Medium
9,6,1,Tirunelveli,highway,2,0,Clouds,0.0,27.4,77,155,57.1,34.4,1,Medium
19,5,1,Coimbatore,secondary,0,0,Clouds,0.0,28.7,53,123,15.1,68.3,2,Heavy
13,6,1,Ooty,main,1,0,Clear,0.0,40.2,53,115,34.0,38.3,1,Medium
19,1,0,Madurai,highway,2,0,Clear,0.0,29.4,67,331,30.9,73.6,2,Heavy
17,2,0,Salem,main,1,1,Rain,10.7,26.9,94,469,8.3,100.0,3,Very Heavy
14,1,0,Trichy,highway,2,0,Clouds,0.0,29.7,79,206,49.5,45.8,1,Medium
16,5,1,Coimbatore,main,1,1,Clouds,0.0,26.1,65,275,8.3,100.0,2,Heavy
18,1,0,Tuticorin,secondary,0,0,Clear,0.0,27.3,63,97,19.3,53.9,1,Medium
20,0,0,Tuticorin,main,1,0,Clouds,0.0,26.7,79,175,25.7,58.3,1,Medium
9,2,0,Tirunelveli,secondary,0,1,Clear,0.0,30.4,56,191,8.0,100.0,2,Heavy
20,6,1,Madurai,highway,2,0,Rain,6.0,25.4,90,253,40.9,58.6,2,Heavy
12,3,0,Madurai,main,1,0,Rain,6.9,29.2,91,174,24.7,60.8,2,Heavy
8,4,0,Madurai,highway,2,0,Rain,28.1,27.4,96,440,13.3,100.0,3,Very Heavy
14,3,0,Coimbatore,main,1,0,Rain,5.1,25.0,98,218,18.9,74.7,2,Heavy
10,5,1,Tirunelveli,main,1,1,Clear,0.0,29.0,62,189,15.4,83.0,2,Heavy
17,4,0,Thanjavur,main,1,0,Clear,0.0,30.0,79,208,21.1,69.3,2,Heavy
8,6,1,Vellore,highway,2,0,Rain,8.7,30.2,79,185,50.3,44.6,1,Medium
0,3,0,Erode,highway,2,0,Clear,0.0,33.1,77,49,72.7,10.9,0,Low
21,2,0,Ooty,secondary,0,0,Clear,0.0,40.6,67,40,28.5,22.2,0,Low
9,0,0,Vellore,main,1,0,Clouds,0.0,34.6,71,187,24.0,62.3,2,Heavy
11,3,0,Ooty,highway,2,0,Rain,18.4,34.9,80,198,45.7,51.4,1,Medium
18,4,0,Salem,highway,2,1,Clear,0.0,29.8,45,516,13.3,100.0,3,Very Heavy
12,4,0,Trichy,secondary,0,0,Clouds,0.0,34.7,65,101,18.6,56.1,1,Medium
1,1,0,Coimbatore,main,1,1,Clear,0.0,28.1,62,96,28.3,52.0,1,Medium
8,6,1,Erode,highway,2,0,Clear,0.0,30.9,79,186,52.5,41.3,1,Medium
6,2,0,Salem,secondary,0,1,Clouds,0.0,26.8,49,42,22.4,43.3,1,Medium
7,2,0,Tuticorin,main,1,0,Rain,6.1,34.3,86,29,45.0,12.1,0,Low
10,0,0,Thanjavur,highway,2,0,Clear,0.0,31.1,76,234,45.3,52.0,2,Heavy
14,5,1,Tuticorin,main,1,0,Rain,11.7,31.8,85,145,27.9,53.0,1,Medium
7,3,0,Thanjavur,highway,2,0,Clear,0.0,34.1,54,20,77.1,4.4,0,Low
11,4,0,Trichy,highway,2,0,Clear,0.0,29.8,46,177,53.8,39.3,1,Medium
7,5,1,Chennai,highway,2,0,Clear,0.0,32.1,72,49,72.7,10.9,0,Low
6,3,0,Ooty,main,1,0,Clear,0.0,27.0,55,55,42.4,18.3,0,Low
10,5,1,Madurai,secondary,0,0,Clear,0.0,30.2,62,76,22.7,42.2,1,Medium
8,3,0,Ooty,highway,2,0,Clouds,0.0,33.6,69,244,43.9,54.2,2,Heavy
19,2,0,Vellore,main,1,0,Clear,0.0,29.8,57,180,25.0,60.0,2,Heavy
16,5,1,Tuticorin,highway,2,0,Clouds,0.0,29.4,78,131,60.6,29.1,1,Medium
14,2,0,Vellore,secondary,0,0,Clear,0.0,31.5,64,39,28.7,21.7,0,Low
9,3,0,Erode,highway,2,0,Clear,0.0,30.6,73,235,45.2,52.2,2,Heavy
9,5,1,Madurai,highway,2,1,Clear,0.0,25.2,72,351,14.7,98.0,3,Very Heavy
16,0,0,Thanjavur,secondary,0,0,Clear,0.0,28.6,73,42,28.2,23.3,0,Low
12,2,0,Ooty,main,1,0,Rain,23.8,35.9,92,171,22.3,66.5,2,Heavy
18,3,0,Chennai,main,1,0,Rain,35.8,32.0,90,418,8.3,100.0,3,Very Heavy
11,4,0,Tuticorin,main,1,0,Drizzle,1.9,24.7,92,104,35.2,35.4,1,Medium
13,1,0,Thanjavur,secondary,0,0,Clear,0.0,27.5,75,75,22.8,41.7,1,Medium
7,0,0,Erode,secondary,0,0,Rain,31.3,28.9,85,34,25.8,31.4,0,Low
8,4,0,Thanjavur,highway,2,0,Clear,0.0,24.1,51,235,45.2,52.2,2,Heavy
0,3,0,Ooty,main,1,0,Clouds,0.0,26.5,47,44,43.9,14.7,0,Low
13,1,0,Madurai,highway,2,0,Clear,0.0,30.2,59,200,50.4,44.4,1,Medium
17,4,0,Ooty,main,1,0,Clear,0.0,30.6,71,208,21.1,69.3,2,Heavy
18,6,1,Erode,secondary,0,0,Clouds,0.0,30.4,45,89,20.6,49.4,1,Medium
19,5,1,Coimbatore,highway,2,0,Clear,0.0,33.7,47,254,42.4,56.4,2,Heavy
11,5,1,Ooty,highway,2,0,Clear,0.0,33.1,59,143,58.8,31.8,1,Medium
10,4,0,Salem,highway,2,0,Rain,8.1,29.1,77,385,20.8,88.8,3,Very Heavy
20,0,0,Chennai,secondary,0,0,Clear,0.0,31.4,48,171,8.0,95.0,2,Heavy
16,3,0,Coimbatore,main,1,1,Drizzle,3.6,30.4,95,285,8.3,100.0,2,Heavy
15,6,1,Tuticorin,main,1,0,Clear,0.0,31.1,62,104,35.5,34.7,1,Medium
15,2,0,Erode,main,1,0,Clouds,0.0,30.3,72,107,35.1,35.7,1,Medium
12,1,0,Chennai,highway,2,0,Clear,0.0,29.9,77,232,45.6,51.6,2,Heavy
11,5,1,Tuticorin,main,1,0,Clear,0.0,31.1,73,123,32.9,41.0,1,Medium
3,4,0,Trichy,secondary,0,0,Clear,0.0,36.0,64,15,32.6,8.3,0,Low
10,3,0,Trichy,highway,2,1,Rain,7.4,25.0,98,599,13.3,100.0,3,Very Heavy
18,0,0,Tuticorin,main,1,0,Clouds,0.0,29.9,75,215,20.1,71.7,2,Heavy
17,4,0,Coimbatore,main,1,0,Rain,47.0,35.4,95,430,8.3,100.0,3,Very Heavy
12,3,0,Tuticorin,highway,2,1,Clear,0.0,32.6,55,241,30.9,73.6,2,Heavy
6,6,1,Tuticorin,secondary,0,0,Clear,0.0,34.3,62,15,32.6,8.3,0,Low
18,1,0,Tuticorin,main,1,0,Rain,8.1,31.0,98,235,16.0,81.6,2,Heavy
12,5,1,Madurai,secondary,0,0,Clouds,0.0,26.4,46,95,19.6,52.8,1,Medium
2,5,1,Tirunelveli,secondary,0,0,Clear,0.0,24.5,52,17,32.3,9.4,0,Low
7,5,1,Vellore,main,1,0,Clear,0.0,29.1,45,32,45.5,10.7,0,Low
8,0,0,Trichy,main,1,0,Drizzle,4.8,33.0,96,237,16.3,80.9,2,Heavy
15,0,0,Salem,secondary,0,0,Clear,0.0,30.2,80,77,22.5,42.8,1,Medium
1,3,0,Tuticorin,secondary,0,1,Rain,12.0,28.8,84,33,22.4,43.1,1,Medium
9,4,0,Coimbatore,main,1,0,Clear,0.0,34.5,49,300,8.3,100.0,2,Heavy
7,6,1,Erode,main,1,1,Clear,0.0,27.3,60,39,36.2,33.0,1,Medium
15,6,1,Coimbatore,secondary,0,0,Clear,0.0,38.3,66,113,16.7,62.8,2,Heavy
17,3,0,Madurai,main,1,0,Clear,0.0,39.4,46,273,12.1,91.0,2,Heavy
0,1,0,Thanjavur,main,1,0,Drizzle,3.3,30.8,98,57,41.5,20.3,0,Low
20,2,0,Salem,main,1,0,Clear,0.0,26.0,79,253,14.9,84.3,2,Heavy
6,2,0,Trichy,highway,2,0,Clear,0.0,33.2,68,42,73.8,9.3,0,Low
6,2,0,Madurai,main,1,0,Clear,0.0,25.5,74,20,47.2,6.7,0,Low
0,0,0,Madurai,secondary,0,0,Drizzle,0.9,26.5,95,15,32.5,8.7,0,Low
5,4,0,Thanjavur,highway,2,1,Drizzle,1.7,35.9,97,59,57.5,33.8,1,Medium
8,0,0,Coimbatore,main,1,0,Clear,0.0,34.5,72,317,8.3,100.0,2,Heavy
13,4,0,Coimbatore,highway,2,0,Drizzle,1.6,30.1,96,243,43.6,54.6,2,Heavy
10,2,0,Tirunelveli,main,1,1,Clear,0.0,30.3,45,323,8.3,100.0,2,Heavy
9,6,1,Ooty,highway,2,0,Drizzle,2.0,28.9,97,137,59.2,31.2,1,Medium
5,1,0,Erode,highway,2,0,Clouds,0.0,32.9,66,39,74.2,8.7,0,Low
10,6,1,Chennai,secondary,0,0,Drizzle,1.8,33.9,84,81,21.7,45.7,1,Medium
13,0,0,Erode,main,1,0,Clear,0.0,40.8,54,113,34.3,37.7,1,Medium
8,5,1,Erode,highway,2,0,Clear,0.0,35.9,62,151,57.6,33.6,1,Medium
8,1,0,Tuticorin,highway,2,0,Clouds,0.0,33.4,51,282,38.2,62.7,2,Heavy
7,1,0,Chennai,highway,2,0,Rain,12.3,32.1,78,93,62.9,25.6,0,Low
8,3,0,Madurai,main,1,0,Clear,0.0,34.6,61,266,13.0,88.7,2,Heavy
7,2,0,Salem,main,1,0,Clear,0.0,30.3,64,16,47.8,5.3,0,Low
15,3,0,Madurai,main,1,0,Clear,0.0,33.5,67,159,27.9,53.0,1,Medium
16,6,1,Ooty,main,1,0,Clear,0.0,30.7,68,102,35.8,34.0,1,Medium
19,0,0,Tirunelveli,main,1,0,Clear,0.0,33.7,70,173,26.0,57.7,1,Medium
18,3,0,Salem,main,1,0,Clear,0.0,35.2,77,249,15.4,83.0,2,Heavy
9,6,1,Salem,highway,2,0,Clear,0.0,39.7,68,230,45.9,51.1,2,Heavy
12,2,0,Salem,main,1,0,Clear,0.0,28.1,71,168,26.7,56.0,1,Medium
20,5,1,Tuticorin,secondary,0,0,Clear,0.0,31.9,69,61,25.1,33.9,1,Medium
13,1,0,Coimbatore,main,1,1,Clouds,0.0,29.0,71,292,8.3,100.0,2,Heavy
9,5,1,Trichy,main,1,0,Clear,0.0,36.4,72,156,28.3,52.0,1,Medium
17,1,0,Coimbatore,main,1,0,Clouds,0.0,30.8,79,283,10.7,94.3,2,Heavy
17,4,0,Tirunelveli,highway,2,0,Clear,0.0,26.9,57,249,43.1,55.3,2,Heavy
18,3,0,Chennai,main,1,1,Clouds,0.0,28.7,45,497,8.3,100.0,3,Very Heavy
21,5,1,Erode,main,1,0,Clear,0.0,27.2,62,71,40.1,23.7,0,Low
18,4,0,Salem,main,1,0,Clear,0.0,39.2,65,270,12.5,90.0,2,Heavy
8,6,1,Tuticorin,secondary,0,0,Drizzle,2.4,27.8,81,71,23.2,40.4,1,Medium
21,6,1,Madurai,secondary,0,1,Clear,0.0,29.6,45,92,14.3,71.1,2,Heavy
6,5,1,Thanjavur,secondary,0,0,Clouds,0.0,31.7,69,15,32.6,8.3,0,Low
13,5,1,Tuticorin,main,1,1,Clear,0.0,29.3,80,194,14.7,84.7,2,Heavy
7,3,0,Coimbatore,highway,2,0,Clear,0.0,33.8,46,57,71.5,12.7,0,Low
9,4,0,Tuticorin,secondary,0,0,Clear,0.0,28.7,59,113,16.7,62.8,2,Heavy
19,5,1,Ooty,main,1,0,Clear,0.0,31.6,63,140,30.5,46.7,1,Medium
17,0,0,Salem,highway,2,0,Rain,5.1,35.1,83,360,25.3,82.0,3,Very Heavy
0,2,0,Coimbatore,main,1,1,Clouds,0.0,23.4,50,74,31.4,44.7,1,Medium
20,0,0,Ooty,highway,2,0,Clouds,0.0,30.0,71,268,40.3,59.6,2,Heavy
22,4,0,Chennai,secondary,0,0,Rain,27.3,25.1,81,125,11.5,80.4,2,Heavy
15,1,0,Tirunelveli,main,1,0,Rain,7.7,33.0,76,141,29.1,50.1,1,Medium
13,4,0,Ooty,highway,2,0,Clear,0.0,30.8,50,170,54.8,37.8,1,Medium
7,1,0,Coimbatore,main,1,0,Rain,13.2,31.0,75,51,40.7,22.3,0,Low
19,1,0,Vellore,secondary,0,0,Drizzle,2.3,27.2,77,117,15.8,65.9,2,Heavy
10,1,0,Vellore,secondary,0,1,Clouds,0.0,30.8,58,179,8.0,100.0,2,Heavy
11,6,1,Tirunelveli,main,1,0,Clear,0.0,32.4,50,107,35.1,35.7,1,Medium
16,3,0,Tuticorin,highway,2,0,Clear,0.0,27.2,60,144,58.7,32.0,1,Medium
17,0,0,Chennai,highway,2,0,Clouds,0.0,32.0,72,382,23.4,84.9,3,Very Heavy
9,2,0,Erode,secondary,0,0,Drizzle,2.6,35.5,95,102,18.2,57.7,1,Medium
7,2,0,Coimbatore,highway,2,0,Drizzle,0.5,35.1,97,76,68.6,17.1,0,Low
16,4,0,Tuticorin,secondary,0,0,Clear,0.0,35.5,77,52,26.6,28.9,0,Low
11,4,0,Chennai,highway,2,0,Drizzle,2.2,30.5,86,235,44.6,53.1,2,Heavy
11,4,0,Trichy,main,1,0,Drizzle,3.9,38.0,95,148,28.8,50.9,1,Medium
12,6,1,Madurai,main,1,0,Drizzle,2.3,30.0,87,149,28.9,50.6,1,Medium
4,2,0,Chennai,secondary,0,0,Drizzle,1.1,27.1,87,29,30.2,16.6,0,Low
4,5,1,Madurai,main,1,0,Drizzle,1.5,26.0,75,56,42.0,19.3,0,Low
15,0,0,Erode,main,1,0,Clear,0.0,27.3,51,88,37.8,29.3,0,Low
8,4,0,Vellore,main,1,0,Clear,0.0,24.1,55,178,25.3,59.3,1,Medium
15,2,0,Madurai,highway,2,0,Clear,0.0,29.6,54,206,49.5,45.8,1,Medium
10,0,0,Tuticorin,secondary,0,1,Clear,0.0,38.8,62,161,8.0,100.0,2,Heavy
17,1,0,Tirunelveli,highway,2,1,Clear,0.0,40.6,65,417,13.3,100.0,3,Very Heavy
18,4,0,Madurai,highway,2,0,Rain,7.4,25.3,88,395,19.5,90.7,3,Very Heavy
21,4,0,Ooty,main,1,1,Clear,0.0,27.3,78,151,20.7,70.3,2,Heavy
2,2,0,Chennai,highway,2,0,Clear,0.0,26.8,66,63,70.7,14.0,0,Low
18,0,0,Madurai,secondary,0,0,Clear,0.0,30.1,74,121,15.4,67.2,2,Heavy
8,5,1,Thanjavur,highway,2,0,Clear,0.0,33.6,46,168,55.1,37.3,1,Medium
17,0,0,Thanjavur,secondary,0,0,Clear,0.0,23.8,52,125,14.8,69.4,2,Heavy
20,3,0,Tuticorin,secondary,0,0,Clear,0.0,33.7,45,103,18.3,57.2,1,Medium
18,4,0,Tirunelveli,main,1,0,Drizzle,2.8,24.5,83,216,19.5,73.1,2,Heavy
16,3,0,Chennai,main,1,1,Rain,5.4,25.9,84,308,8.3,100.0,2,Heavy
18,3,0,Thanjavur,secondary,0,1,Rain,8.4,30.2,85,188,8.0,100.0,2,Heavy
18,2,0,Trichy,main,1,0,Clear,0.0,35.3,73,249,15.4,83.0,2,Heavy
6,4,0,Ooty,secondary,0,0,Clear,0.0,27.9,46,39,28.7,21.7,0,Low
16,5,1,Erode,secondary,0,0,Rain,14.1,29.2,89,78,20.7,49.0,1,Medium
18,6,1,Madurai,main,1,0,Clouds,0.0,27.7,54,149,29.3,49.7,1,Medium
18,2,0,Thanjavur,highway,2,0,Clear,0.0,35.4,66,259,41.6,57.6,2,Heavy
10,2,0,Tuticorin,highway,2,0,Clear,0.0,39.2,46,270,40.0,60.0,2,Heavy
8,1,0,Erode,highway,2,1,Clear,0.0,31.6,58,439,13.3,100.0,3,Very Heavy
16,2,0,Tirunelveli,secondary,0,0,Clouds,0.0,27.4,79,62,25.0,34.4,1,Medium
9,6,1,Trichy,highway,2,0,Clear,0.0,27.0,50,199,50.5,44.2,1,Medium
7,1,0,Madurai,secondary,0,0,Clouds,0.0,29.6,56,15,32.6,8.3,0,Low
20,3,0,Tuticorin,highway,2,0,Clear,0.0,30.9,45,256,42.1,56.9,2,Heavy
7,1,0,Chennai,highway,2,0,Drizzle,0.5,23.1,86,51,72.3,11.5,0,Low
7,4,0,Chennai,main,1,0,Clear,0.0,28.3,58,63,41.2,21.0,0,Low
16,0,0,Vellore,highway,2,1,Rain,19.3,31.8,97,322,13.8,99.3,2,Heavy
11,1,0,Erode,highway,2,0,Clear,0.0,38.1,76,148,58.1,32.9,1,Medium
0,3,0,Tuticorin,main,1,1,Clear,0.0,25.3,54,75,31.2,45.0,1,Medium
18,1,0,Tirunelveli,secondary,0,0,Clear,0.0,33.8,74,132,13.6,73.3,2,Heavy
10,2,0,Coimbatore,main,1,0,Clouds,0.0,27.2,45,295,9.0,98.3,2,Heavy
17,5,1,Tirunelveli,highway,2,0,Clouds,0.0,33.1,72,158,56.6,35.1,1,Medium
8,3,0,Chennai,main,1,0,Rain,11.9,24.3,93,327,8.3,100.0,2,Heavy
13,0,0,Ooty,main,1,1,Clear,0.0,28.5,48,199,14.0,86.3,2,Heavy
13,4,0,Coimbatore,main,1,1,Drizzle,1.0,29.6,95,297,8.3,100.0,2,Heavy
10,1,0,Erode,highway,2,0,Rain,24.8,31.9,86,328,24.8,82.8,2,Heavy
18,4,0,Madurai,main,1,0,Rain,30.4,30.3,82,315,8.3,100.0,2,Heavy
19,4,0,Coimbatore,main,1,1,Drizzle,0.8,32.7,98,479,8.3,100.0,3,Very Heavy
18,4,0,Trichy,secondary,0,0,Clear,0.0,25.1,49,135,13.1,75.0,2,Heavy
16,6,1,Tuticorin,secondary,0,0,Drizzle,3.9,33.5,90,72,22.9,41.6,1,Medium
14,4,0,Salem,highway,2,0,Clouds,0.0,29.4,49,181,53.2,40.2,1,Medium
4,0,0,Thanjavur,highway,2,0,Clear,0.0,34.7,67,36,74.7,8.0,0,Low
13,6,1,Madurai,main,1,0,Rain,19.7,30.9,79,187,20.7,70.2,2,Heavy
8,6,1,Tirunelveli,main,1,0,Clear,0.0,33.5,70,135,31.2,45.0,1,Medium
9,3,0,Vellore,main,1,0,Clouds,0.0,31.8,62,214,20.3,71.3,2,Heavy
1,3,0,Tirunelveli,highway,2,0,Clouds,0.0,26.4,53,42,73.8,9.3,0,Low
19,1,0,Thanjavur,main,1,0,Clouds,0.0,28.7,73,180,25.0,60.0,2,Heavy
17,5,1,Tuticorin,highway,2,1,Clear,0.0,34.8,58,242,30.8,73.8,2,Heavy
15,2,0,Coimbatore,highway,2,0,Clear,0.0,33.9,45,228,46.2,50.7,2,Heavy
15,6,1,Vellore,main,1,0,Clear,0.0,25.8,45,119,33.5,39.7,1,Medium
19,1,0,Tuticorin,main,1,0,Clear,0.0,32.2,48,210,20.8,70.0,2,Heavy
7,2,0,Tuticorin,secondary,0,0,Clouds,0.0,27.9,54,34,29.5,18.9,0,Low
5,4,0,Madurai,secondary,0,0,Rain,16.6,26.9,87,55,24.1,37.2,1,Medium
12,3,0,Vellore,highway,2,0,Clear,0.0,23.0,78,130,60.7,28.9,1,Medium
2,6,1,Madurai,highway,2,0,Clear,0.0,34.2,62,79,68.3,17.6,0,Low
8,6,1,Thanjavur,highway,2,0,Clear,0.0,33.9,69,147,58.2,32.7,1,Medium
12,5,1,Thanjavur,secondary,0,0,Drizzle,2.4,29.8,75,78,22.1,44.3,1,Medium
16,2,0,Ooty,main,1,0,Clouds,0.0,28.8,68,133,31.5,44.3,1,Medium
19,1,0,Chennai,highway,2,0,Clear,0.0,39.1,58,378,24.0,84.0,3,Very Heavy
20,2,0,Coimbatore,highway,2,0,Clouds,0.0,34.9,78,419,17.9,93.1,3,Very Heavy
19,1,0,Chennai,secondary,0,0,Clear,0.0,32.4,47,146,11.3,81.1,2,Heavy
9,0,0,Salem,highway,2,0,Clear,0.0,39.2,49,318,32.9,70.7,2,Heavy
16,2,0,Thanjavur,secondary,0,0,Clear,0.0,26.5,65,40,28.5,22.2,0,Low
0,3,0,Tuticorin,secondary,0,0,Clouds,0.0,30.5,76,15,32.6,8.3,0,Low
22,4,0,Chennai,highway,2,0,Clear,0.0,32.1,51,203,49.9,45.1,1,Medium
17,3,0,Thanjavur,secondary,0,0,Drizzle,2.8,30.4,91,110,16.9,62.2,2,Heavy
7,4,0,Thanjavur,main,1,1,Clear,0.0,27.6,69,71,31.8,43.7,1,Medium
17,1,0,Thanjavur,highway,2,0,Rain,5.6,34.6,85,294,34.9,67.6,2,Heavy
11,2,0,Thanjavur,highway,2,0,Clear,0.0,37.8,72,160,56.3,35.6,1,Medium
11,1,0,Tirunelveli,highway,2,0,Clear,0.0,27.6,77,151,57.6,33.6,1,Medium
7,6,1,Ooty,highway,2,0,Rain,8.0,25.6,96,41,71.8,12.3,0,Low
15,4,0,Erode,main,1,0,Clear,0.0,31.2,45,101,36.0,33.7,1,Medium
8,6,1,Madurai,main,1,0,Clear,0.0,26.7,59,153,28.7,51.0,1,Medium
10,6,1,Chennai,highway,2,0,Clear,0.0,31.4,60,238,44.7,52.9,2,Heavy
20,3,0,Chennai,secondary,0,0,Clear,0.0,33.2,59,153,10.2,85.0,2,Heavy
13,5,1,Vellore,main,1,0,Clear,0.0,32.9,53,118,33.6,39.3,1,Medium
20,1,0,Ooty,secondary,0,0,Rain,11.6,27.5,77,102,17.1,61.3,2,Heavy
19,1,0,Madurai,secondary,0,0,Clear,0.0,32.6,48,157,9.6,87.2,2,Heavy
23,0,0,Ooty,main,1,0,Clouds,0.0,28.4,72,101,36.0,33.7,1,Medium
7,2,0,Ooty,main,1,0,Clouds,0.0,26.3,70,15,47.9,5.0,0,Low
17,3,0,Tuticorin,secondary,0,0,Clear,0.0,32.1,62,106,17.8,58.9,1,Medium
21,6,1,Madurai,highway,2,0,Clear,0.0,35.0,68,138,59.5,30.7,1,Medium
19,4,0,Madurai,highway,2,0,Clear,0.0,29.6,45,324,32.0,72.0,2,Heavy
9,0,0,Vellore,secondary,0,0,Clear,0.0,35.4,52,85,21.2,47.2,1,Medium
6,5,1,Coimbatore,highway,2,1,Clear,0.0,31.6,53,127,47.9,48.2,1,Medium
9,3,0,Trichy,secondary,0,0,Clear,0.0,33.2,58,145,11.5,80.6,2,Heavy
14,0,0,Trichy,main,1,0,Clear,0.0,29.5,75,143,30.1,47.7,1,Medium
14,3,0,Trichy,secondary,0,0,Clouds,0.0,23.2,60,68,24.0,37.8,1,Medium
17,6,1,Coimbatore,main,1,1,Rain,5.5,29.2,79,331,8.3,100.0,2,Heavy
15,2,0,Salem,main,1,0,Clear,0.0,23.3,53,121,33.2,40.3,1,Medium
7,4,0,Ooty,secondary,0,1,Clouds,0.0,29.2,69,40,22.7,42.2,1,Medium
18,2,0,Chennai,secondary,0,0,Clouds,0.0,28.0,70,146,11.3,81.1,2,Heavy
17,1,0,Ooty,secondary,0,0,Clear,0.0,38.4,69,95,19.6,52.8,1,Medium
20,0,0,Chennai,highway,2,0,Clear,0.0,26.5,60,385,22.9,85.6,3,Very Heavy
19,4,0,Chennai,main,1,0,Clear,0.0,35.5,59,281,11.0,93.7,2,Heavy
19,4,0,Tirunelveli,secondary,0,0,Clear,0.0,28.6,59,97,19.3,53.9,1,Medium
12,0,0,Ooty,main,1,0,Clear,0.0,34.1,46,96,36.7,32.0,1,Medium
16,4,0,Madurai,secondary,0,0,Clouds,0.0,34.9,64,71,23.5,39.4,1,Medium
19,5,1,Vellore,highway,2,0,Clear,0.0,29.5,50,172,54.5,38.2,1,Medium
18,1,0,Trichy,secondary,0,0,Clear,0.0,32.2,57,131,13.8,72.8,2,Heavy
15,0,0,Madurai,highway,2,0,Rain,7.5,26.8,82,223,44.9,52.6,2,Heavy
2,5,1,Tirunelveli,secondary,0,0,Clear,0.0,30.8,51,15,32.6,8.3,0,Low
15,1,0,Ooty,secondary,0,0,Clear,0.0,33.3,67,63,24.8,35.0,1,Medium
13,3,0,Ooty,highway,2,0,Clear,0.0,34.3,72,158,56.6,35.1,1,Medium
17,1,0,Chennai,secondary,0,0,Clear,0.0,31.5,65,184,8.0,100.0,2,Heavy
20,4,0,Tuticorin,secondary,0,0,Clouds,0.0,27.5,60,89,20.6,49.4,1,Medium
10,3,0,Madurai,main,1,0,Clear,0.0,26.2,76,235,17.4,78.3,2,Heavy
21,4,0,Thanjavur,main,1,1,Rain,16.5,35.4,97,185,13.2,88.3,2,Heavy
7,6,1,Coimbatore,main,1,0,Clouds,0.0,27.4,49,47,43.5,15.7,0,Low
18,4,0,Erode,main,1,0,Drizzle,0.4,31.3,84,171,26.2,57.2,1,Medium
11,0,0,Chennai,secondary,0,0,Clear,0.0,30.5,56,104,18.1,57.8,1,Medium
13,0,0,Tirunelveli,secondary,0,0,Clear,0.0,23.8,57,47,27.4,26.1,0,Low
0,5,1,Tirunelveli,secondary,0,0,Drizzle,3.5,27.7,83,41,27.9,24.2,0,Low
17,4,0,Chennai,main,1,0,Rain,15.0,34.5,81,335,8.3,100.0,2,Heavy
15,3,0,Coimbatore,secondary,0,1,Clear,0.0,27.4,57,147,8.0,100.0,2,Heavy
16,3,0,Madurai,main,1,0,Clear,0.0,35.5,68,166,27.0,55.3,1,Medium
23,5,1,Ooty,main,1,0,Clear,0.0,40.4,62,102,35.8,34.0,1,Medium
17,3,0,Tirunelveli,main,1,0,Clouds,0.0,34.0,76,188,23.9,62.7,2,Heavy
8,2,0,Salem,main,1,0,Clouds,0.0,28.3,80,249,15.4,83.0,2,Heavy
8,5,1,Tirunelveli,secondary,0,0,Clear,0.0,40.2,59,83,21.6,46.1,1,Medium
16,6,1,Thanjavur,main,1,0,Clouds,0.0,31.2,70,103,35.7,34.3,1,Medium
19,6,1,Madurai,highway,2,0,Clouds,0.0,28.9,77,191,51.7,42.4,1,Medium
18,4,0,Ooty,main,1,0,Clear,0.0,35.8,64,196,22.8,65.3,2,Heavy
10,4,0,Tuticorin,secondary,0,1,Clear,0.0,26.6,64,193,8.0,100.0,2,Heavy
8,2,0,Chennai,secondary,0,0,Clear,0.0,28.8,48,191,8.0,100.0,2,Heavy
15,5,1,Tuticorin,highway,2,0,Clouds,0.0,31.9,54,143,58.8,31.8,1,Medium
17,5,1,Ooty,main,1,0,Rain,27.1,27.4,88,174,21.3,68.8,2,Heavy
11,5,1,Tirunelveli,highway,2,0,Rain,8.6,26.2,85,159,54.1,38.8,1,Medium
10,2,0,Thanjavur,highway,2,0,Clouds,0.0,32.9,61,277,38.9,61.6,2,Heavy
18,4,0,Trichy,highway,2,1,Clear,0.0,32.6,51,526,13.3,100.0,3,Very Heavy
9,6,1,Tuticorin,highway,2,0,Clear,0.0,30.3,61,180,53.3,40.0,1,Medium
18,2,0,Erode,highway,2,1,Clear,0.0,31.5,59,432,13.3,100.0,3,Very Heavy
9,0,0,Tirunelveli,main,1,0,Clear,0.0,33.6,50,174,25.8,58.0,1,Medium
20,2,0,Vellore,secondary,0,0,Clear,0.0,37.7,59,131,13.8,72.8,2,Heavy
13,4,0,Erode,highway,2,0,Clear,0.0,36.0,61,134,60.1,29.8,1,Medium
10,3,0,Coimbatore,secondary,0,0,Clouds,0.0,32.8,55,149,10.9,82.8,2,Heavy
2,2,0,Madurai,main,1,0,Clear,0.0,26.1,73,55,42.4,18.3,0,Low
15,0,0,Chennai,main,1,0,Rain,9.1,30.4,82,215,18.6,75.3,2,Heavy
12,3,0,Tirunelveli,highway,2,0,Clear,0.0,34.2,79,169,54.9,37.6,1,Medium
9,6,1,Erode,main,1,0,Clouds,0.0,31.3,59,131,31.8,43.7,1,Medium
10,2,0,Thanjavur,highway,2,0,Clear,0.0,34.2,54,259,41.6,57.6,2,Heavy
4,5,1,Salem,main,1,0,Clear,0.0,27.3,51,39,44.6,13.0,0,Low
11,1,0,Tirunelveli,main,1,1,Drizzle,1.4,25.6,97,193,14.6,84.9,2,Heavy
9,2,0,Chennai,secondary,0,0,Clear,0.0,34.8,64,166,8.1,92.2,2,Heavy
20,5,1,Trichy,highway,2,0,Clear,0.0,28.4,75,187,52.3,41.6,1,Medium
12,5,1,Tirunelveli,highway,2,0,Clear,0.0,29.3,53,147,58.2,32.7,1,Medium
8,1,0,Coimbatore,main,1,0,Rain,7.1,26.8,94,325,8.3,100.0,2,Heavy
9,4,0,Thanjavur,main,1,0,Clear,0.0,26.8,70,189,23.8,63.0,2,Heavy
17,3,0,Vellore,highway,2,0,Clear,0.0,30.9,77,262,41.2,58.2,2,Heavy
10,4,0,Ooty,main,1,0,Rain,9.1,23.5,81,215,18.6,75.3,2,Heavy
0,1,0,Tirunelveli,highway,2,0,Clear,0.0,30.9,78,57,71.5,12.7,0,Low
18,2,0,Chennai,highway,2,0,Drizzle,3.3,27.0,85,406,19.0,91.5,3,Very Heavy
9,6,1,Erode,highway,2,1,Clear,0.0,32.8,58,263,27.7,78.4,2,Heavy
10,0,0,Ooty,main,1,0,Clear,0.0,27.0,72,173,26.0,57.7,1,Medium
17,3,0,Trichy,secondary,0,1,Clear,0.0,28.8,51,198,8.0,100.0,2,Heavy
10,1,0,Coimbatore,secondary,0,0,Clear,0.0,28.4,55,145,11.5,80.6,2,Heavy
8,5,1,Thanjavur,secondary,0,0,Clear,0.0,34.4,71,57,25.8,31.7,0,Low
17,5,1,Thanjavur,secondary,0,0,Clouds,0.0,32.0,60,71,23.5,39.4,1,Medium
17,5,1,Thanjavur,secondary,0,0,Drizzle,3.8,29.5,75,47,26.9,27.6,0,Low
17,6,1,Salem,secondary,0,1,Clear,0.0,28.4,74,148,8.0,100.0,2,Heavy
18,5,1,Tirunelveli,highway,2,0,Rain,5.7,30.6,81,194,49.7,45.4,1,Medium
18,6,1,Tirunelveli,highway,2,0,Drizzle,0.2,25.4,95,153,57.3,34.1,1,Medium
16,1,0,Tirunelveli,main,1,0,Drizzle,4.7,27.8,78,117,33.0,40.9,1,Medium
6,3,0,Erode,main,1,0,Drizzle,2.9,31.0,96,33,44.9,12.2,0,Low
9,2,0,Madurai,main,1,0,Clouds,0.0,30.4,69,237,17.1,79.0,2,Heavy
11,1,0,Chennai,main,1,0,Clear,0.0,28.9,78,153,28.7,51.0,1,Medium
7,5,1,Madurai,secondary,0,0,Drizzle,4.8,30.7,87,17,31.7,11.4,0,Low
20,1,0,Salem,main,1,0,Clouds,0.0,27.1,63,252,15.0,84.0,2,Heavy
17,1,0,Erode,highway,2,1,Drizzle,1.5,25.4,80,403,13.3,100.0,3,Very Heavy
12,4,0,Coimbatore,secondary,0,0,Clear,0.0,29.7,61,97,19.3,53.9,1,Medium
15,4,0,Tirunelveli,main,1,0,Clear,0.0,31.5,46,137,31.0,45.7,1,Medium
2,4,0,Trichy,highway,2,0,Clear,0.0,28.3,59,35,74.8,7.8,0,Low
22,5,1,Tirunelveli,secondary,0,0,Clear,0.0,27.7,52,27,30.6,15.0,0,Low
16,2,0,Erode,main,1,0,Rain,26.5,35.4,98,137,26.5,56.3,1,Medium
6,3,0,Tuticorin,highway,2,0,Clear,0.0,26.2,52,52,72.3,11.6,0,Low
17,6,1,Coimbatore,main,1,1,Clear,0.0,31.3,66,323,8.3,100.0,2,Heavy
9,4,0,Thanjavur,secondary,0,0,Clear,0.0,35.3,48,91,20.2,50.6,1,Medium
7,2,0,Coimbatore,main,1,0,Clear,0.0,33.4,71,60,41.7,20.0,0,Low
17,0,0,Tuticorin,secondary,0,0,Clear,0.0,28.4,65,109,17.3,60.6,2,Heavy
8,3,0,Trichy,highway,2,0,Clear,0.0,36.6,71,344,29.1,76.4,2,Heavy
13,4,0,Erode,highway,2,0,Clear,0.0,32.9,58,163,55.9,36.2,1,Medium
20,0,0,Ooty,secondary,0,0,Clear,0.0,28.1,48,83,21.6,46.1,1,Medium
12,3,0,Vellore,highway,2,0,Clear,0.0,38.8,52,170,54.8,37.8,1,Medium
20,6,1,Trichy,main,1,0,Clear,0.0,26.4,66,132,31.7,44.0,1,Medium
16,0,0,Salem,secondary,0,0,Clear,0.0,33.8,63,87,20.9,48.3,1,Medium
17,6,1,Trichy,main,1,0,Clear,0.0,34.5,52,176,25.5,58.7,1,Medium
16,1,0,Trichy,secondary,0,0,Clouds,0.0,30.8,73,93,19.9,51.7,1,Medium
15,0,0,Madurai,main,1,0,Clouds,0.0,29.9,61,130,32.0,43.3,1,Medium
23,5,1,Coimbatore,secondary,0,0,Rain,10.8,30.0,92,99,17.7,59.3,1,Medium
11,0,0,Tuticorin,main,1,0,Clear,0.0,29.9,59,137,31.0,45.7,1,Medium
9,6,1,Chennai,secondary,0,0,Clouds,0.0,32.2,66,121,15.4,67.2,2,Heavy
17,2,0,Tuticorin,main,1,0,Clouds,0.0,30.4,62,216,20.0,72.0,2,Heavy
19,5,1,Tuticorin,secondary,0,0,Clear,0.0,35.5,57,47,27.4,26.1,0,Low
14,0,0,Erode,main,1,0,Clear,0.0,30.8,72,96,36.7,32.0,1,Medium
16,5,1,Coimbatore,main,1,0,Rain,13.6,37.2,79,218,17.5,78.1,2,Heavy
19,2,0,Madurai,secondary,0,0,Clouds,0.0,26.6,59,156,9.7,86.7,2,Heavy
17,3,0,Trichy,highway,2,0,Rain,18.7,31.1,92,472,13.3,100.0,3,Very Heavy
9,2,0,Salem,main,1,0,Clear,0.0,28.8,46,271,12.4,90.3,2,Heavy
17,2,0,Tirunelveli,highway,2,0,Clear,0.0,33.4,50,261,41.3,58.0,2,Heavy
22,3,0,Ooty,highway,2,0,Clear,0.0,33.9,51,132,60.5,29.3,1,Medium
17,1,0,Thanjavur,secondary,0,0,Clear,0.0,29.2,53,88,20.7,48.9,1,Medium
16,4,0,Ooty,secondary,0,0,Clear,0.0,28.0,49,62,25.0,34.4,1,Medium
9,5,1,Tirunelveli,secondary,0,0,Rain,8.3,24.9,80,76,21.7,45.5,1,Medium
15,3,0,Erode,main,1,0,Clear,0.0,26.1,59,124,32.8,41.3,1,Medium
19,5,1,Salem,highway,2,0,Clouds,0.0,33.9,46,231,45.8,51.3,2,Heavy
9,5,1,Salem,highway,2,1,Clear,0.0,27.9,56,332,17.5,93.8,2,Heavy
18,5,1,Trichy,highway,2,0,Clear,0.0,29.7,61,228,46.2,50.7,2,Heavy
12,4,0,Thanjavur,main,1,1,Clouds,0.0,31.9,68,171,17.9,77.0,2,Heavy
11,4,0,Thanjavur,highway,2,0,Drizzle,1.1,28.0,83,127,60.9,28.7,1,Medium
8,6,1,Tuticorin,main,1,0,Clear,0.0,34.8,68,126,32.5,42.0,1,Medium
9,3,0,Ooty,highway,2,0,Rain,9.2,25.6,81,279,36.2,65.7,2,Heavy
10,2,0,Vellore,main,1,0,Clear,0.0,31.9,45,206,21.4,68.7,2,Heavy
7,4,0,Tirunelveli,main,1,0,Clear,0.0,31.2,70,34,45.3,11.3,0,Low
15,4,0,Erode,main,1,0,Rain,10.6,26.7,78,146,28.0,52.9,1,Medium
15,0,0,Chennai,main,1,0,Rain,16.4,40.6,75,226,15.9,81.9,2,Heavy
18,5,1,Thanjavur,main,1,0,Clear,0.0,33.3,67,96,36.7,32.0,1,Medium
6,5,1,Ooty,main,1,0,Clear,0.0,28.9,69,43,44.0,14.3,0,Low
8,5,1,Ooty,highway,2,0,Clear,0.0,29.3,72,154,57.2,34.2,1,Medium
16,6,1,Tirunelveli,highway,2,0,Clear,0.0,29.1,59,134,60.1,29.8,1,Medium
18,3,0,Salem,highway,2,0,Clouds,0.0,34.0,55,313,33.6,69.6,2,Heavy
19,2,0,Salem,highway,2,0,Clouds,0.0,36.0,65,333,30.7,74.0,2,Heavy
19,2,0,Madurai,main,1,1,Clear,0.0,28.9,60,387,8.3,100.0,3,Very Heavy
19,5,1,Erode,secondary,0,0,Clouds,0.0,26.8,46,91,20.2,50.6,1,Medium
12,4,0,Coimbatore,highway,2,0,Clear,0.0,28.9,58,242,44.1,53.8,2,Heavy
20,5,1,Tirunelveli,highway,2,0,Clear,0.0,28.2,75,157,56.7,34.9,1,Medium
5,1,0,Erode,highway,2,0,Rain,6.8,24.7,84,62,69.0,16.5,0,Low
14,4,0,Salem,main,1,0,Clear,0.0,32.7,51,128,32.2,42.7,1,Medium
11,5,1,Trichy,highway,2,0,Clear,0.0,28.2,48,175,54.1,38.9,1,Medium
9,2,0,Vellore,main,1,0,Clouds,0.0,29.9,71,194,23.0,64.7,2,Heavy
10,0,0,Vellore,secondary,0,0,Clouds,0.0,28.6,76,114,16.5,63.3,2,Heavy
9,2,0,Tirunelveli,secondary,0,0,Clear,0.0,25.8,66,95,19.6,52.8,1,Medium
13,2,0,Vellore,secondary,0,0,Clear,0.0,30.8,74,39,28.7,21.7,0,Low
1,6,1,Salem,highway,2,0,Drizzle,1.6,30.5,94,42,73.3,10.0,0,Low
6,6,1,Salem,highway,2,0,Clear,0.0,26.6,48,32,75.3,7.1,0,Low
4,6,1,Ooty,secondary,0,1,Clear,0.0,35.6,70,18,26.2,30.0,0,Low
9,1,0,Salem,secondary,0,0,Clear,0.0,35.5,68,125,14.8,69.4,2,Heavy
21,3,0,Ooty,highway,2,1,Clouds,0.0,26.4,45,194,37.9,63.1,2,Heavy
17,0,0,Chennai,secondary,0,0,Clouds,0.0,26.8,68,181,8.0,100.0,2,Heavy
15,5,1,Tuticorin,secondary,0,0,Drizzle,4.0,27.0,92,58,25.1,33.8,1,Medium
18,3,0,Thanjavur,highway,2,0,Clear,0.0,34.7,64,239,44.6,53.1,2,Heavy
18,3,0,Thanjavur,secondary,0,0,Clouds,0.0,30.1,74,125,14.8,69.4,2,Heavy
15,1,0,Ooty,main,1,1,Rain,5.4,26.0,79,204,12.4,90.2,2,Heavy
11,4,0,Tuticorin,secondary,0,1,Rain,12.5,24.3,97,104,10.9,82.8,2,Heavy
17,4,0,Trichy,highway,2,0,Clear,0.0,29.7,46,349,28.3,77.6,2,Heavy
15,1,0,Trichy,secondary,0,0,Clouds,0.0,31.3,58,79,22.2,43.9,1,Medium
13,3,0,Chennai,main,1,0,Clear,0.0,33.4,61,172,26.1,57.3,1,Medium
13,6,1,Madurai,main,1,0,Rain,10.1,32.9,94,147,27.9,53.0,1,Medium
19,1,0,Chennai,secondary,0,0,Clouds,0.0,30.9,59,177,8.0,98.3,2,Heavy
18,3,0,Ooty,secondary,0,0,Clear,0.0,28.0,75,96,19.5,53.3,1,Medium
14,1,0,Tirunelveli,highway,2,0,Clouds,0.0,35.7,62,175,54.1,38.9,1,Medium
18,2,0,Tirunelveli,secondary,0,0,Clear,0.0,32.9,68,114,16.5,63.3,2,Heavy
10,4,0,Thanjavur,secondary,0,0,Clouds,0.0,30.8,49,118,15.9,65.6,2,Heavy
11,4,0,Erode,main,1,0,Clear,0.0,28.1,56,94,37.0,31.3,0,Low
10,6,1,Tuticorin,highway,2,0,Clouds,0.0,30.9,47,171,54.7,38.0,1,Medium
19,1,0,Coimbatore,main,1,0,Clear,0.0,31.7,56,321,8.3,100.0,2,Heavy
15,5,1,Tuticorin,main,1,0,Clear,0.0,31.2,51,97,36.5,32.3,1,Medium
10,0,0,Vellore,highway,2,0,Rain,5.3,33.7,77,314,32.1,71.9,2,Heavy
8,0,0,Tirunelveli,main,1,0,Clear,0.0,30.5,64,203,21.8,67.7,2,Heavy
17,0,0,Coimbatore,secondary,0,0,Clear,0.0,25.5,64,172,8.0,95.6,2,Heavy
19,3,0,Erode,secondary,0,0,Clear,0.0,31.6,64,94,19.8,52.2,1,Medium
7,3,0,Tuticorin,secondary,0,0,Rain,51.7,23.4,79,18,26.0,30.7,0,Low
21,5,1,Ooty,highway,2,0,Rain,11.2,33.5,97,152,54.5,38.3,1,Medium
16,0,0,Erode,secondary,0,0,Clear,0.0,27.6,78,54,26.2,30.0,0,Low
7,4,0,Madurai,secondary,0,0,Clear,0.0,32.3,54,29,30.3,16.1,0,Low
12,5,1,Tirunelveli,secondary,0,0,Clear,0.0,27.9,54,55,26.1,30.6,0,Low
18,5,1,Vellore,secondary,0,1,Clear,0.0,34.0,59,123,9.2,88.3,2,Heavy
14,6,1,Ooty,main,1,0,Drizzle,3.2,27.6,81,89,37.1,30.9,0,Low
17,6,1,Chennai,secondary,0,0,Clear,0.0,32.1,53,109,17.3,60.6,2,Heavy
16,0,0,Coimbatore,highway,2,0,Clear,0.0,41.0,47,251,42.8,55.8,2,Heavy
20,5,1,Chennai,secondary,0,1,Clear,0.0,27.7,63,154,8.0,100.0,2,Heavy
12,2,0,Salem,highway,2,0,Clear,0.0,36.7,70,189,52.0,42.0,1,Medium
15,2,0,Chennai,secondary,0,0,Clear,0.0,29.9,77,117,16.0,65.0,2,Heavy
3,3,0,Salem,highway,2,0,Clear,0.0,36.1,53,63,70.7,14.0,0,Low
13,3,0,Thanjavur,secondary,0,0,Clear,0.0,34.3,60,41,28.4,22.8,0,Low
7,1,0,Erode,secondary,0,0,Clear,0.0,23.1,57,15,32.6,8.3,0,Low
9,6,1,Vellore,secondary,0,0,Clear,0.0,28.1,58,49,27.1,27.2,0,Low
15,6,1,Salem,secondary,0,0,Drizzle,1.3,36.3,97,74,22.9,41.6,1,Medium
17,0,0,Coimbatore,secondary,0,0,Clear,0.0,34.8,68,178,8.0,98.9,2,Heavy
11,0,0,Trichy,secondary,0,0,Clouds,0.0,24.0,66,101,18.6,56.1,1,Medium
0,4,0,Erode,main,1,0,Clouds,0.0,34.6,78,28,46.1,9.3,0,Low
17,4,0,Erode,secondary,0,0,Clear,0.0,34.7,79,93,19.9,51.7,1,Medium
17,0,0,Thanjavur,highway,2,0,Clear,0.0,35.0,58,266,40.6,59.1,2,Heavy
15,2,0,Tirunelveli,main,1,0,Clear,0.0,27.9,76,113,34.3,37.7,1,Medium
18,1,0,Salem,main,1,0,Clear,0.0,26.8,75,245,16.0,81.7,2,Heavy
6,3,0,Ooty,highway,2,0,Clouds,0.0,37.7,55,49,72.7,10.9,0,Low
17,2,0,Salem,secondary,0,1,Clear,0.0,34.9,78,205,8.0,100.0,2,Heavy
10,0,0,Erode,main,1,0,Clear,0.0,25.7,76,186,24.2,62.0,2,Heavy
11,2,0,Tuticorin,main,1,0,Clouds,0.0,32.1,64,116,33.9,38.7,1,Medium
12,5,1,Thanjavur,secondary,0,1,Clouds,0.0,34.2,67,78,16.5,63.3,2,Heavy
18,6,1,Coimbatore,main,1,0,Clear,0.0,27.6,75,181,24.9,60.3,2,Heavy
14,6,1,Madurai,highway,2,0,Clear,0.0,30.1,55,171,54.7,38.0,1,Medium
14,2,0,Tuticorin,secondary,0,0,Clouds,0.0,28.7,77,88,20.7,48.9,1,Medium
20,4,0,Trichy,highway,2,0,Clear,0.0,28.4,59,356,27.3,79.1,2,Heavy
12,5,1,Thanjavur,main,1,0,Clear,0.0,26.2,62,103,35.7,34.3,1,Medium
20,0,0,Tuticorin,highway,2,1,Clouds,0.0,29.6,62,414,13.3,100.0,3,Very Heavy
7,1,0,Ooty,secondary,0,1,Clear,0.0,33.0,58,53,20.6,49.4,1,Medium
15,0,0,Salem,secondary,0,0,Clear,0.0,28.9,67,98,19.1,54.4,1,Medium
11,0,0,Madurai,secondary,0,0,Clouds,0.0,34.5,65,96,19.5,53.3,1,Medium
15,6,1,Ooty,highway,2,1,Clouds,0.0,31.5,66,221,33.9,69.1,2,Heavy
8,2,0,Madurai,main,1,0,Clear,0.0,33.5,77,223,19.0,74.3,2,Heavy
16,6,1,Vellore,secondary,0,0,Clear,0.0,26.6,51,68,24.0,37.8,1,Medium
6,4,0,Tirunelveli,main,1,0,Drizzle,2.0,27.8,84,17,47.3,6.5,0,Low
17,3,0,Tirunelveli,highway,2,0,Clear,0.0,37.1,60,276,39.1,61.3,2,Heavy
9,3,0,Tuticorin,main,1,0,Clear,0.0,29.6,47,188,23.9,62.7,2,Heavy
16,5,1,Tuticorin,main,1,0,Clear,0.0,32.6,72,94,37.0,31.3,0,Low
18,1,0,Tirunelveli,main,1,1,Clear,0.0,35.5,48,330,8.3,100.0,2,Heavy
19,2,0,Trichy,main,1,0,Clear,0.0,27.1,48,244,16.1,81.3,2,Heavy
13,6,1,Ooty,main,1,0,Clear,0.0,34.2,60,130,32.0,43.3,1,Medium
15,1,0,Salem,secondary,0,0,Clear,0.0,28.5,77,69,23.8,38.3,1,Medium
16,5,1,Tirunelveli,main,1,1,Drizzle,3.4,27.3,87,197,13.8,87.0,2,Heavy
8,5,1,Tirunelveli,main,1,0,Drizzle,2.1,40.6,86,118,33.2,40.2,1,Medium
19,5,1,Thanjavur,highway,2,0,Clouds,0.0,25.4,76,168,55.1,37.3,1,Medium
7,3,0,Tirunelveli,secondary,0,0,Clouds,0.0,28.6,78,33,29.7,18.3,0,Low
12,1,0,Coimbatore,highway,2,0,Clear,0.0,29.0,64,239,44.6,53.1,2,Heavy
12,4,0,Coimbatore,main,1,0,Clear,0.0,30.9,76,195,22.9,65.0,2,Heavy
7,2,0,Trichy,main,1,0,Clouds,0.0,27.0,78,34,45.3,11.3,0,Low
18,0,0,Tirunelveli,secondary,0,1,Clear,0.0,26.8,69,169,8.0,100.0,2,Heavy
3,6,1,Tuticorin,secondary,0,0,Clear,0.0,33.9,69,15,32.6,8.3,0,Low
14,3,0,Tuticorin,highway,2,0,Clear,0.0,26.2,65,171,54.7,38.0,1,Medium
18,2,0,Madurai,highway,2,0,Clear,0.0,28.4,72,328,31.4,72.9,2,Heavy
13,1,0,Trichy,main,1,0,Clear,0.0,30.6,71,127,32.4,42.3,1,Medium
15,2,0,Madurai,secondary,0,0,Clouds,0.0,32.1,51,59,25.4,32.8,1,Medium
5,3,0,Salem,highway,2,0,Clear,0.0,39.4,59,44,73.5,9.8,0,Low
17,5,1,Tirunelveli,main,1,1,Drizzle,2.5,30.6,77,186,15.4,83.0,2,Heavy
8,6,1,Thanjavur,highway,2,0,Clouds,0.0,29.2,59,164,55.7,36.4,1,Medium
18,3,0,Tirunelveli,secondary,0,0,Clouds,0.0,32.7,56,98,19.1,54.4,1,Medium
21,5,1,Vellore,secondary,0,0,Clear,0.0,35.4,78,30,30.1,16.7,0,Low
17,1,0,Coimbatore,highway,2,0,Clouds,0.0,34.1,65,383,23.3,85.1,3,Very Heavy
14,5,1,Coimbatore,secondary,0,0,Drizzle,4.0,34.1,85,92,19.6,52.7,1,Medium
13,2,0,Erode,main,1,1,Drizzle,2.3,28.6,86,167,18.1,76.6,2,Heavy
18,2,0,Tirunelveli,secondary,0,0,Rain,27.2,35.9,97,168,8.0,100.0,2,Heavy
8,3,0,Tirunelveli,highway,2,0,Clear,0.0,31.5,54,275,39.3,61.1,2,Heavy
7,4,0,Ooty,secondary,0,0,Clear,0.0,27.0,77,42,28.2,23.3,0,Low
21,2,0,Salem,main,1,0,Drizzle,1.0,28.6,77,121,33.0,40.7,1,Medium
9,2,0,Trichy,highway,2,0,Clear,0.0,29.9,79,318,32.9,70.7,2,Heavy
13,6,1,Chennai,secondary,0,0,Clouds,0.0,32.6,45,103,18.3,57.2,1,Medium
22,1,0,Erode,highway,2,0,Clear,0.0,32.5,45,137,59.7,30.4,1,Medium
12,0,0,Coimbatore,secondary,0,1,Clear,0.0,26.5,78,150,8.0,100.0,2,Heavy
11,4,0,Coimbatore,secondary,0,0,Clear,0.0,29.0,55,94,19.8,52.2,1,Medium
16,3,0,Erode,main,1,0,Rain,8.9,33.6,76,148,28.0,52.9,1,Medium
17,3,0,Trichy,secondary,0,0,Rain,6.3,37.9,93,181,8.0,100.0,2,Heavy
0,2,0,Vellore,secondary,0,0,Clear,0.0,27.2,73,15,32.6,8.3,0,Low
15,1,0,Tirunelveli,secondary,0,0,Clear,0.0,27.8,45,59,25.4,32.8,1,Medium
16,5,1,Trichy,highway,2,0,Clear,0.0,26.0,55,179,53.5,39.8,1,Medium
15,6,1,Coimbatore,main,1,0,Clear,0.0,27.4,62,189,23.8,63.0,2,Heavy
18,2,0,Trichy,highway,2,0,Clear,0.0,32.2,57,311,33.9,69.1,2,Heavy
11,1,0,Chennai,main,1,0,Clear,0.0,32.4,61,195,22.9,65.0,2,Heavy
2,1,0,Tirunelveli,highway,2,0,Clear,0.0,27.3,50,30,75.5,6.7,0,Low
10,4,0,Coimbatore,secondary,0,0,Clouds,0.0,25.7,45,191,8.0,100.0,2,Heavy
7,3,0,Tuticorin,main,1,0,Rain,48.5,29.5,76,50,35.0,36.1,1,Medium
20,2,0,Vellore,highway,2,0,Clear,0.0,26.9,69,259,41.6,57.6,2,Heavy
18,6,1,Salem,secondary,0,1,Clear,0.0,26.6,65,148,8.0,100.0,2,Heavy
18,3,0,Salem,highway,2,0,Clear,0.0,28.8,48,325,31.9,72.2,2,Heavy
19,4,0,Tirunelveli,secondary,0,0,Clouds,0.0,28.1,59,113,16.7,62.8,2,Heavy
9,1,0,Trichy,highway,2,0,Clear,0.0,38.3,73,337,30.1,74.9,2,Heavy
7,0,0,Salem,main,1,0,Clear,0.0,37.7,47,44,43.9,14.7,0,Low
15,2,0,Trichy,highway,2,0,Clear,0.0,30.6,55,217,47.9,48.2,1,Medium
18,5,1,Tuticorin,main,1,0,Clear,0.0,35.3,51,132,31.7,44.0,1,Medium
10,3,0,Vellore,main,1,0,Clear,0.0,35.6,66,219,19.6,73.0,2,Heavy
8,5,1,Vellore,highway,2,0,Drizzle,1.4,23.2,96,150,57.4,33.9,1,Medium
16,2,0,Tuticorin,highway,2,0,Rain,6.1,23.1,88,175,52.5,41.3,1,Medium
16,4,0,Erode,secondary,0,0,Clear,0.0,31.2,71,64,24.6,35.6,1,Medium
3,6,1,Thanjavur,main,1,0,Clear,0.0,33.6,68,20,47.2,6.7,0,Low
20,3,0,Tuticorin,secondary,0,0,Clouds,0.0,34.1,56,111,17.0,61.7,2,Heavy
18,0,0,Coimbatore,secondary,0,0,Clear,0.0,30.2,53,154,10.0,85.6,2,Heavy
12,5,1,Ooty,highway,2,0,Clear,0.0,27.4,60,165,55.5,36.7,1,Medium
9,3,0,Tuticorin,highway,2,0,Clouds,0.0,35.5,46,258,41.8,57.3,2,Heavy
17,5,1,Tuticorin,main,1,0,Clear,0.0,31.4,57,121,33.2,40.3,1,Medium
16,0,0,Tirunelveli,highway,2,0,Clear,0.0,29.8,48,142,58.9,31.6,1,Medium
20,4,0,Salem,secondary,0,0,Clear,0.0,31.3,66,150,10.7,83.3,2,Heavy
18,2,0,Ooty,secondary,0,0,Clear,0.0,26.1,54,98,19.1,54.4,1,Medium
18,2,0,Vellore,main,1,0,Rain,41.9,34.6,92,264,8.3,100.0,2,Heavy
16,3,0,Thanjavur,secondary,0,1,Clouds,0.0,35.5,59,85,15.4,67.2,2,Heavy
20,3,0,Coimbatore,highway,2,0,Clear,0.0,35.6,65,391,22.1,86.9,3,Very Heavy
17,4,0,Tuticorin,secondary,0,0,Clear,0.0,34.3,78,127,14.4,70.6,2,Heavy
18,6,1,Coimbatore,main,1,0,Clear,0.0,37.3,52,189,23.8,63.0,2,Heavy
7,0,0,Salem,main,1,0,Clear,0.0,26.0,77,36,45.0,12.0,0,Low
4,4,0,Coimbatore,secondary,0,0,Rain,24.1,27.5,75,22,28.6,21.9,0,Low
6,3,0,Ooty,highway,2,0,Clear,0.0,35.5,70,26,76.1,5.8,0,Low
6,6,1,Ooty,secondary,0,0,Clear,0.0,30.2,65,15,32.6,8.3,0,Low
12,5,1,Tirunelveli,highway,2,1,Rain,20.4,29.6,80,315,14.5,98.2,2,Heavy
13,6,1,Erode,highway,2,0,Clear,0.0,36.3,57,149,57.9,33.1,1,Medium
7,1,0,Thanjavur,main,1,0,Clear,0.0,29.4,45,23,46.8,7.7,0,Low
22,1,0,Tirunelveli,main,1,0,Drizzle,3.6,32.6,98,85,37.6,29.8,0,Low
7,5,1,Thanjavur,secondary,0,0,Drizzle,2.2,31.7,78,24,30.9,14.2,0,Low
17,0,0,Tuticorin,main,1,0,Clear,0.0,27.5,47,204,21.7,68.0,2,Heavy
9,5,1,Tirunelveli,highway,2,0,Rain,13.3,31.8,83,173,50.8,43.8,1,Medium
10,1,0,Vellore,secondary,0,0,Clouds,0.0,29.5,68,87,20.9,48.3,1,Medium
18,5,1,Erode,highway,2,0,Clouds,0.0,30.7,46,166,55.4,36.9,1,Medium
19,6,1,Salem,secondary,0,0,Clear,0.0,31.7,60,69,23.8,38.3,1,Medium
6,4,0,Tirunelveli,secondary,0,1,Clouds,0.0,28.4,75,44,22.1,44.4,1,Medium
18,3,0,Erode,secondary,0,0,Clear,0.0,34.8,64,102,18.5,56.7,1,Medium
14,1,0,Tuticorin,main,1,0,Clouds,0.0,29.0,66,107,35.1,35.7,1,Medium
19,5,1,Trichy,secondary,0,0,Clouds,0.0,28.3,48,95,19.6,52.8,1,Medium
16,1,0,Ooty,highway,2,0,Clear,0.0,37.9,48,162,56.0,36.0,1,Medium
16,3,0,Salem,highway,2,0,Clear,0.0,24.3,53,192,51.5,42.7,1,Medium
11,4,0,Madurai,highway,2,0,Clear,0.0,33.6,59,213,48.5,47.3,1,Medium
22,0,0,Salem,secondary,0,0,Rain,31.8,23.9,97,89,16.9,62.2,2,Heavy
12,0,0,Madurai,highway,2,0,Clouds,0.0,37.0,45,201,50.2,44.7,1,Medium
20,6,1,Salem,highway,2,0,Clear,0.0,29.1,62,191,51.7,42.4,1,Medium
16,6,1,Tuticorin,secondary,0,0,Rain,9.8,30.3,88,77,21.4,46.7,1,Medium
22,1,0,Vellore,highway,2,0,Rain,10.2,28.9,80,140,56.5,35.2,1,Medium
10,0,0,Trichy,main,1,0,Clouds,0.0,28.1,47,250,15.3,83.3,2,Heavy
12,6,1,Salem,main,1,0,Clear,0.0,28.9,76,139,30.7,46.3,1,Medium
16,0,0,Tirunelveli,main,1,0,Drizzle,3.9,28.0,87,126,31.8,43.6,1,Medium
17,0,0,Madurai,secondary,0,0,Rain,17.6,30.6,83,175,8.0,100.0,2,Heavy
10,1,0,Tuticorin,highway,2,0,Drizzle,2.5,29.8,85,281,37.7,63.4,2,Heavy
19,6,1,Ooty,secondary,0,0,Clear,0.0,24.6,59,74,23.0,41.1,1,Medium
9,3,0,Coimbatore,highway,2,0,Clear,0.0,35.9,58,405,20.0,90.0,3,Very Heavy
19,1,0,Salem,highway,2,0,Clear,0.0,37.9,79,335,30.4,74.4,2,Heavy
9,2,0,Madurai,highway,2,0,Clear,0.0,27.3,53,312,33.8,69.3,2,Heavy
17,2,0,Chennai,main,1,0,Clear,0.0,37.7,62,294,9.2,98.0,2,Heavy
20,6,1,Madurai,highway,2,1,Drizzle,4.7,26.1,85,310,19.5,90.8,2,Heavy
16,2,0,Coimbatore,secondary,0,0,Clouds,0.0,30.4,77,104,18.1,57.8,1,Medium
15,6,1,Thanjavur,highway,2,0,Clouds,0.0,29.5,67,173,54.4,38.4,1,Medium
17,4,0,Trichy,secondary,0,0,Clear,0.0,37.6,75,161,8.9,89.4,2,Heavy
14,0,0,Tirunelveli,main,1,0,Clear,0.0,27.3,77,105,35.4,35.0,1,Medium
1,6,1,Erode,highway,2,0,Rain,6.6,32.7,77,58,69.7,15.5,0,Low
20,5,1,Ooty,main,1,0,Rain,8.5,30.6,75,118,32.2,42.7,1,Medium
9,0,0,Tirunelveli,highway,2,0,Clear,0.0,34.6,67,262,41.2,58.2,2,Heavy
10,5,1,Vellore,highway,2,0,Drizzle,3.3,26.4,91,185,51.7,42.4,1,Medium
7,0,0,Tuticorin,highway,2,0,Clouds,0.0,36.6,48,49,72.7,10.9,0,Low
14,0,0,Thanjavur,secondary,0,0,Clear,0.0,29.9,70,53,26.4,29.4,0,Low
7,4,0,Thanjavur,secondary,0,0,Clouds,0.0,29.5,78,19,31.9,10.6,0,Low
23,5,1,Tuticorin,highway,2,1,Clouds,0.0,33.6,66,199,37.2,64.2,2,Heavy
13,4,0,Madurai,main,1,0,Clear,0.0,26.0,76,159,27.9,53.0,1,Medium
17,6,1,Thanjavur,highway,2,0,Drizzle,1.5,33.9,81,155,56.7,35.0,1,Medium
14,5,1,Chennai,main,1,0,Clear,0.0,26.2,59,179,25.1,59.7,1,Medium
15,4,0,Thanjavur,secondary,0,0,Clear,0.0,32.2,63,67,24.1,37.2,1,Medium
11,2,0,Coimbatore,main,1,0,Rain,11.3,28.8,91,205,19.6,72.9,2,Heavy
19,2,0,Tirunelveli,highway,2,0,Clear,0.0,32.7,72,284,37.9,63.1,2,Heavy
8,2,0,Tirunelveli,main,1,0,Drizzle,4.1,32.6,95,182,24.0,62.3,2,Heavy
1,0,0,Tuticorin,highway,2,0,Clear,0.0,33.9,72,33,75.1,7.3,0,Low
13,6,1,Vellore,secondary,0,0,Rain,10.4,32.9,90,77,21.3,46.9,1,Medium
18,6,1,Coimbatore,secondary,0,0,Clear,0.0,27.0,54,96,19.5,53.3,1,Medium
7,2,0,Ooty,highway,2,0,Clear,0.0,40.9,66,50,72.6,11.1,0,Low
15,4,0,Chennai,secondary,0,0,Clear,0.0,31.1,74,81,21.9,45.0,1,Medium
7,1,0,Salem,main,1,0,Clear,0.0,33.7,60,19,47.4,6.3,0,Low
15,2,0,Chennai,highway,2,0,Clouds,0.0,30.9,59,255,42.2,56.7,2,Heavy
12,4,0,Salem,highway,2,1,Drizzle,2.0,26.3,83,308,20.5,89.2,2,Heavy
16,5,1,Madurai,secondary,0,0,Clear,0.0,29.4,69,83,21.6,46.1,1,Medium
12,0,0,Tirunelveli,secondary,0,0,Rain,7.9,26.4,84,71,22.6,42.6,1,Medium
19,0,0,Vellore,main,1,1,Clouds,0.0,27.0,47,319,8.3,100.0,2,Heavy
18,4,0,Ooty,highway,2,1,Clouds,0.0,34.0,47,400,13.3,100.0,3,Very Heavy
7,4,0,Trichy,secondary,0,0,Clear,0.0,29.8,47,15,32.6,8.3,0,Low
10,3,0,Erode,highway,2,0,Clear,0.0,27.6,63,243,44.0,54.0,2,Heavy
17,1,0,Madurai,main,1,0,Clear,0.0,35.1,49,252,15.0,84.0,2,Heavy
11,1,0,Coimbatore,main,1,0,Rain,9.1,26.3,92,186,22.7,65.6,2,Heavy
11,4,0,Erode,secondary,0,0,Clear,0.0,30.1,60,62,25.0,34.4,1,Medium
9,6,1,Coimbatore,highway,2,0,Clouds,0.0,34.1,52,265,40.7,58.9,2,Heavy
10,3,0,Madurai,secondary,0,1,Clouds,0.0,26.3,64,230,8.0,100.0,2,Heavy
9,0,0,Ooty,highway,2,1,Drizzle,0.6,31.2,77,396,13.3,100.0,3,Very Heavy
7,0,0,Thanjavur,secondary,0,0,Drizzle,4.9,37.0,85,21,31.0,13.6,0,Low
0,2,0,Tuticorin,secondary,0,0,Clouds,0.0,34.1,62,17,32.3,9.4,0,Low
10,6,1,Vellore,highway,2,0,Drizzle,1.7,27.0,81,159,56.0,36.0,1,Medium
10,1,0,Erode,main,1,0,Clouds,0.0,30.5,62,186,24.2,62.0,2,Heavy
8,3,0,Chennai,highway,2,0,Clear,0.0,36.6,78,392,21.9,87.1,3,Very Heavy
7,1,0,Trichy,secondary,0,0,Clear,0.0,32.3,50,17,32.3,9.4,0,Low
19,0,0,Coimbatore,highway,2,0,Clear,0.0,26.7,67,419,17.9,93.1,3,Very Heavy
10,3,0,Thanjavur,highway,2,0,Drizzle,0.8,36.0,75,272,39.5,60.8,2,Heavy
10,3,0,Erode,secondary,0,0,Clouds,0.0,26.2,69,100,18.8,55.6,1,Medium
21,3,0,Vellore,main,1,0,Clear,0.0,31.1,78,97,36.5,32.3,1,Medium
0,5,1,Coimbatore,main,1,0,Rain,55.2,35.2,76,72,30.8,46.1,1,Medium
18,3,0,Vellore,highway,2,0,Clear,0.0,29.1,65,246,43.5,54.7,2,Heavy
13,0,0,Trichy,highway,2,0,Clouds,0.0,35.9,72,185,52.6,41.1,1,Medium
8,0,0,Tuticorin,highway,2,0,Clear,0.0,36.5,67,262,41.2,58.2,2,Heavy
9,5,1,Salem,highway,2,0,Clouds,0.0,30.4,71,204,49.8,45.3,1,Medium
15,0,0,Madurai,highway,2,0,Clear,0.0,35.1,59,216,48.0,48.0,1,Medium
16,6,1,Chennai,main,1,0,Clear,0.0,26.1,67,158,28.0,52.7,1,Medium
16,3,0,Tuticorin,main,1,0,Clouds,0.0,32.9,64,97,36.5,32.3,1,Medium
14,5,1,Salem,secondary,0,0,Clouds,0.0,29.8,67,76,22.7,42.2,1,Medium
19,1,0,Ooty,highway,2,0,Clear,0.0,26.8,50,249,43.1,55.3,2,Heavy
8,0,0,Salem,secondary,0,0,Clear,0.0,29.6,72,154,10.0,85.6,2,Heavy
19,6,1,Coimbatore,main,1,0,Drizzle,4.7,31.3,97,172,25.3,59.2,1,Medium
11,6,1,Tirunelveli,highway,2,0,Clouds,0.0,26.1,68,151,57.6,33.6,1,Medium
15,4,0,Trichy,secondary,0,0,Clear,0.0,26.0,65,69,23.8,38.3,1,Medium
9,5,1,Tuticorin,secondary,0,0,Clouds,0.0,30.0,79,89,20.6,49.4,1,Medium
11,1,0,Tuticorin,highway,2,0,Rain,19.9,28.0,75,190,46.5,50.2,1,Medium
0,5,1,Erode,highway,2,0,Clear,0.0,29.3,48,22,76.7,4.9,0,Low
19,3,0,Erode,highway,2,0,Clear,0.0,35.5,77,248,43.3,55.1,2,Heavy
17,4,0,Chennai,highway,2,0,Clear,0.0,29.8,64,414,18.7,92.0,3,Very Heavy
18,5,1,Tuticorin,highway,2,0,Drizzle,3.5,24.6,79,150,56.9,34.7,1,Medium
9,2,0,Coimbatore,highway,2,0,Clouds,0.0,28.5,74,404,20.1,89.8,3,Very Heavy
17,0,0,Tirunelveli,main,1,0,Rain,13.7,27.4,91,206,19.1,74.1,2,Heavy
8,0,0,Chennai,main,1,0,Clear,0.0,26.6,52,317,8.3,100.0,2,Heavy
8,0,0,Ooty,secondary,0,0,Clear,0.0,30.2,72,95,19.6,52.8,1,Medium
16,0,0,Tirunelveli,secondary,0,0,Clear,0.0,33.8,60,80,22.1,44.4,1,Medium
15,1,0,Coimbatore,secondary,0,0,Rain,17.1,24.2,92,147,9.2,88.5,2,Heavy
20,1,0,Erode,main,1,0,Clouds,0.0,27.7,65,180,25.0,60.0,2,Heavy
20,3,0,Tirunelveli,highway,2,0,Clouds,0.0,38.2,60,261,41.3,58.0,2,Heavy
14,6,1,Thanjavur,main,1,0,Clear,0.0,28.6,59,126,32.5,42.0,1,Medium
10,3,0,Thanjavur,highway,2,0,Clear,0.0,32.6,67,278,38.8,61.8,2,Heavy
20,5,1,Chennai,secondary,0,0,Clear,0.0,29.6,48,86,21.1,47.8,1,Medium
17,2,0,Madurai,highway,2,0,Rain,10.9,34.9,80,380,20.8,88.8,3,Very Heavy
1,1,0,Erode,secondary,0,0,Rain,7.7,27.8,75,15,31.7,11.4,0,Low
16,4,0,Tirunelveli,secondary,0,0,Clear,0.0,29.6,57,69,23.8,38.3,1,Medium
18,0,0,Tuticorin,main,1,1,Clouds,0.0,25.2,61,291,8.3,100.0,2,Heavy
13,1,0,Coimbatore,highway,2,1,Clear,0.0,29.6,72,392,13.3,100.0,3,Very Heavy
7,1,0,Vellore,main,1,0,Clear,0.0,38.8,58,41,44.3,13.7,0,Low
12,1,0,Chennai,main,1,0,Clear,0.0,35.9,55,186,24.2,62.0,2,Heavy
13,6,1,Madurai,secondary,0,0,Clear,0.0,26.8,78,95,19.6,52.8,1,Medium
17,2,0,Vellore,highway,2,0,Rain,6.4,31.5,90,277,37.3,64.1,2,Heavy
19,4,0,Tuticorin,main,1,0,Clear,0.0,37.9,49,200,22.2,66.7,2,Heavy
12,1,0,Tuticorin,secondary,0,0,Rain,5.1,28.8,98,69,23.2,40.4,1,Medium
17,0,0,Tirunelveli,highway,2,0,Rain,31.8,32.2,78,368,17.0,94.5,3,Very Heavy
17,1,0,Thanjavur,main,1,0,Rain,21.3,30.2,81,265,9.6,96.9,2,Heavy
9,0,0,Madurai,highway,2,0,Clear,0.0,32.8,57,346,28.7,76.9,2,Heavy
23,2,0,Salem,highway,2,0,Clouds,0.0,31.6,54,164,55.7,36.4,1,Medium
17,1,0,Coimbatore,main,1,0,Clouds,0.0,30.7,69,320,8.3,100.0,2,Heavy
9,6,1,Salem,highway,2,0,Clouds,0.0,29.9,49,208,49.2,46.2,1,Medium
15,0,0,Erode,main,1,1,Clouds,0.0,29.3,63,157,19.9,72.3,2,Heavy
17,0,0,Coimbatore,main,1,0,Clouds,0.0,27.7,71,277,11.5,92.3,2,Heavy
10,0,0,Tuticorin,highway,2,0,Rain,40.2,40.6,94,350,17.4,93.9,3,Very Heavy
22,3,0,Tuticorin,secondary,0,0,Clouds,0.0,33.1,66,47,27.4,26.1,0,Low
9,1,0,Madurai,secondary,0,0,Clear,0.0,34.4,48,125,14.8,69.4,2,Heavy
13,2,0,Vellore,secondary,0,0,Clear,0.0,30.0,64,59,25.4,32.8,1,Medium
16,0,0,Ooty,highway,2,0,Clouds,0.0,29.2,55,169,54.9,37.6,1,Medium
13,5,1,Erode,highway,2,0,Clear,0.0,30.5,59,160,56.3,35.6,1,Medium
22,0,0,Tuticorin,highway,2,0,Clear,0.0,38.4,77,123,61.8,27.3,1,Medium
12,6,1,Coimbatore,secondary,0,0,Drizzle,1.6,34.0,82,117,15.9,65.6,2,Heavy
18,5,1,Tirunelveli,secondary,0,0,Rain,15.8,28.9,85,88,18.9,55.2,1,Medium
13,3,0,Tuticorin,main,1,0,Clear,0.0,33.9,51,125,32.6,41.7,1,Medium
1,2,0,Thanjavur,highway,2,0,Rain,33.4,33.6,83,76,59.9,30.2,0,Low
23,0,0,Coimbatore,highway,2,0,Clear,0.0,35.1,78,161,56.1,35.8,1,Medium
17,1,0,Coimbatore,main,1,0,Clear,0.0,29.8,78,277,11.5,92.3,2,Heavy
9,3,0,Thanjavur,highway,2,1,Clear,0.0,28.8,78,389,13.3,100.0,3,Very Heavy
9,0,0,Ooty,main,1,0,Clear,0.0,29.9,75,207,21.3,69.0,2,Heavy
7,2,0,Madurai,main,1,0,Clear,0.0,28.4,59,63,41.2,21.0,0,Low
17,6,1,Thanjavur,secondary,0,0,Clouds,0.0,31.1,80,74,23.0,41.1,1,Medium
15,6,1,Ooty,highway,2,0,Clear,0.0,30.6,70,162,56.0,36.0,1,Medium
0,1,0,Chennai,secondary,0,0,Clouds,0.0,29.1,64,46,27.5,25.6,0,Low
9,6,1,Ooty,secondary,0,0,Clear,0.0,40.0,73,52,26.6,28.9,0,Low
11,6,1,Erode,highway,2,0,Clouds,0.0,40.9,73,132,60.5,29.3,1,Medium
21,5,1,Erode,highway,2,0,Clear,0.0,36.7,77,114,63.1,25.3,0,Low
17,4,0,Ooty,secondary,0,0,Clear,0.0,29.8,72,111,17.0,61.7,2,Heavy
20,3,0,Thanjavur,highway,2,0,Clear,0.0,35.8,49,247,43.4,54.9,2,Heavy
4,6,1,Salem,secondary,0,1,Drizzle,2.4,23.8,96,54,20.1,51.0,1,Medium
21,0,0,Vellore,main,1,1,Clear,0.0,28.1,65,117,25.4,59.0,1,Medium
14,3,0,Vellore,secondary,0,0,Drizzle,0.8,27.0,97,56,25.8,31.4,0,Low
20,3,0,Chennai,highway,2,0,Rain,16.2,25.7,92,568,13.3,100.0,3,Very Heavy
8,0,0,Chennai,secondary,0,0,Clear,0.0,28.4,57,187,8.0,100.0,2,Heavy
10,0,0,Ooty,secondary,0,0,Clear,0.0,40.7,48,98,19.1,54.4,1,Medium
13,2,0,Salem,main,1,0,Clouds,0.0,29.1,60,141,30.4,47.0,1,Medium
20,1,0,Vellore,highway,2,0,Clear,0.0,35.7,49,250,42.9,55.6,2,Heavy
9,3,0,Tirunelveli,secondary,0,0,Rain,10.3,28.5,93,141,10.9,82.5,2,Heavy
21,1,0,Tuticorin,highway,2,0,Clear,0.0,30.4,71,118,62.5,26.2,0,Low
8,1,0,Coimbatore,highway,2,0,Clear,0.0,29.0,46,404,20.1,89.8,3,Very Heavy
11,5,1,Thanjavur,secondary,0,0,Clear,0.0,26.5,66,64,24.6,35.6,1,Medium
10,0,0,Trichy,secondary,0,0,Clouds,0.0,28.2,64,154,10.0,85.6,2,Heavy
12,1,0,Madurai,main,1,0,Rain,22.1,23.3,88,203,18.1,76.5,2,Heavy
17,1,0,Madurai,secondary,0,0,Clouds,0.0,30.2,54,149,10.9,82.8,2,Heavy
21,1,0,Chennai,highway,2,0,Clear,0.0,30.0,66,188,52.1,41.8,1,Medium
12,3,0,Tuticorin,highway,2,1,Clear,0.0,26.6,51,253,29.2,76.2,2,Heavy
10,0,0,Trichy,main,1,0,Clear,0.0,33.3,52,258,14.2,86.0,2,Heavy
17,6,1,Ooty,highway,2,0,Clouds,0.0,24.3,49,161,56.1,35.8,1,Medium
7,0,0,Ooty,secondary,0,1,Drizzle,1.8,40.1,80,15,26.5,29.1,0,Low
7,1,0,Chennai,secondary,0,0,Clear,0.0,33.8,62,23,31.3,12.8,0,Low
15,3,0,Salem,secondary,0,0,Rain,19.0,30.1,80,92,17.9,58.7,1,Medium
8,1,0,Chennai,main,1,0,Clouds,0.0,30.8,46,287,10.1,95.7,2,Heavy
15,2,0,Erode,secondary,0,0,Clear,0.0,39.7,65,69,23.8,38.3,1,Medium
19,3,0,Erode,highway,2,1,Drizzle,2.7,26.5,83,433,13.3,100.0,3,Very Heavy
20,2,0,Ooty,main,1,0,Clear,0.0,30.7,74,204,21.7,68.0,2,Heavy
0,0,0,Thanjavur,main,1,0,Drizzle,2.1,26.7,90,56,41.9,19.5,0,Low
